Beneficiary_ID,Name,Age,Gender,Occupation,District,Village,Mobile,Household_Size
1,Eric Johnson,59,Male,Retired,North District,West Aaronhaven,4199028358,6
2,Daniel Richardson,50,Female,Farmer,Highlands,Lake Lindaville,439.313.5477,2
3,Bryan Barnes,29,Other,Retired,East District,Port Robert,(394)465-3556x752,7
4,Jacqueline Vega,85,Other,Merchant,Central District,Danielleside,214-445-8736x894,7
5,Raymond Peterson,48,Other,Student,South District,Hayesmouth,464-389-9407,7
6,Ian Hall,46,Other,Nurse,Central District,East Crystal,+1-441-202-1394,5
7,Sydney Valenzuela,80,Male,Teacher,South District,West Tyrone,495.722.2637x223,5
8,Carol Manning,40,Other,Farmer,North District,Kennedyborough,344-722-7145x21508,4
9,Raymond Sanchez,65,Male,Farmer,Central District,North Sarahfort,001-668-223-0051x2994,5
10,Carrie Booker,68,Male,Farmer,South District,Deborahborough,4195841302,2
11,Robert Miller,27,Other,Merchant,Valley,Burkehaven,852.811.2289,3
12,Kyle Hudson,60,Female,Nurse,Central District,Sarahtown,+1-836-489-1027x18352,4
13,Derrick Riley,61,Male,Worker,West District,Lake Dorothyfort,001-562-851-5534,1
14,Jason Thomas,60,Other,Retired,East District,Grimesmouth,962.301.8852,2
15,Nancy Glenn,78,Male,Farmer,South District,Lawsonport,(607)261-1788x9078,1
16,Lindsay Silva,36,Female,Farmer,East District,Gomezmouth,716-393-5748x2277,2
17,Sarah Silva,79,Male,Worker,West District,Port Tiffanyborough,244-819-5516x0659,4
18,Jennifer Glover,67,Female,Teacher,Valley,Michelleview,+1-974-877-1832x245,8
19,Brandon Escobar,67,Other,Retired,Highlands,Longbury,+1-612-544-1597x4820,4
20,Lisa Brown,39,Male,Retired,East District,Ellismouth,+1-537-870-0589x097,4
21,Melissa Flowers,49,Female,Farmer,North District,Port Kendraville,505.255.3153x86359,3
22,Katherine Lucas,36,Other,Student,East District,Jasonhaven,566-871-1634,3
23,Zachary Lawrence,36,Other,Retired,Valley,Lake Matthew,+1-395-254-8608,6
24,Katelyn Mata,67,Female,Farmer,Highlands,East David,(721)679-0154x53684,3
25,Julie Mack,31,Female,Engineer,East District,North Douglaschester,+1-595-687-3734,2
26,Warren Chambers,70,Male,Farmer,East District,Hawkinsberg,475-203-3778x9593,7
27,Timothy Jones,48,Other,Teacher,North District,Williamsstad,898-841-0037,1
28,Charles Abbott,54,Male,Student,West District,Brandonhaven,001-759-516-9700x000,4
29,Carol Conner,61,Female,Student,Central District,Walshfurt,(847)323-2090x159,8
30,Tara Bruce,50,Male,Worker,South District,Marcton,+1-648-690-0873x88397,4
31,David Chaney,85,Male,Retired,North District,East Michaelville,572.457.7723x12737,5
32,James Torres,82,Other,Merchant,West District,South April,(786)452-4248x94944,1
33,Juan Mcneil,61,Male,Merchant,West District,Port Sharonview,001-577-451-6056x45707,3
34,Kristy Becker,58,Female,Merchant,West District,West Christopher,(230)285-7577x810,6
35,Thomas Jackson,18,Other,Worker,North District,Buchananmouth,878.228.8615x34274,4
36,Theresa Wong,33,Male,Teacher,Highlands,Port Hollyshire,4383354698,4
37,Susan Wolfe,48,Male,Nurse,North District,Lake Regina,001-614-652-5911x59069,6
38,Robert Martin,27,Other,Worker,Central District,South Casey,+1-298-437-8896,3
39,Tasha Atkinson,58,Female,Nurse,Highlands,Pollardhaven,299.397.8614x110,1
40,Erin Green,52,Female,Worker,Valley,Port Amybury,+1-848-936-4198,5
41,Sean Weaver,52,Female,Farmer,East District,South Michael,(919)642-6992x8237,3
42,Ann Stanley,40,Male,Retired,Highlands,North Johnmouth,(789)616-0441x7281,7
43,Matthew Griffin,31,Male,Worker,Valley,Jeannemouth,4229670339,3
44,James Morales,56,Male,Engineer,Valley,Dillonburgh,625-938-3509x186,2
45,Judith Flores,85,Female,Merchant,Central District,Andrewbury,(461)818-1976,8
46,Colin Clark,35,Male,Engineer,North District,Audreychester,001-573-351-7773,1
47,Alyssa Christensen,64,Female,Merchant,Central District,South Andrew,714-212-1182x2121,5
48,Samuel Brown,52,Male,Teacher,Valley,South Scottchester,(878)588-3653x4727,1
49,Anthony Flores,68,Other,Worker,South District,East Jaimeberg,+1-640-222-0348x874,1
50,Brandon Montes,57,Female,Engineer,Highlands,Sosaside,5913655579,7
51,William Martinez,71,Male,Retired,Valley,Dalefurt,(876)210-1813,8
52,Michelle Foster,82,Female,Engineer,Highlands,Lindseymouth,001-378-784-1269x82736,7
53,Maria Woodard,54,Female,Retired,Central District,Huntbury,799.689.2347,1
54,Joseph Ford,54,Other,Engineer,East District,New Cody,490-339-8321,3
55,Carrie Quinn,62,Male,Farmer,East District,Morrismouth,+1-843-562-9233x3385,7
56,Heidi Gonzalez,54,Male,Engineer,Valley,Mathewsberg,+1-209-587-3715x939,3
57,Stacy Mcdaniel,62,Female,Student,South District,Davidport,431.482.4151x09010,1
58,Sandy Gibbs,32,Male,Student,Valley,Rosshaven,229.725.3290x37905,1
59,Jacqueline Werner,84,Other,Nurse,South District,Davidtown,629-633-5392x374,4
60,Sherri Watson,64,Male,Teacher,South District,South Jeffreybury,9055795593,6
61,Robert Lucero,18,Male,Farmer,Valley,Patrickfurt,776-539-3699,6
62,Alejandro Clements,81,Male,Engineer,West District,New Derek,+1-638-316-0823x85719,4
63,David Sanchez,74,Female,Retired,Central District,Gillhaven,988-686-0453x1457,5
64,Timothy White,20,Other,Retired,Highlands,North Laceyhaven,714-395-1065x5836,6
65,Alicia Young,69,Other,Teacher,Valley,Lake Erik,+1-210-479-8389x17900,3
66,Megan Palmer,46,Male,Farmer,North District,Lake Darlene,420.247.7432,7
67,Travis Lopez,29,Male,Merchant,Valley,Justinland,597-426-7706,2
68,Whitney Smith,37,Female,Teacher,South District,Nicholasstad,688-367-3854,3
69,Mary Watson,22,Other,Worker,Central District,East Todd,(695)920-3676,2
70,Heather Cook,57,Male,Teacher,Valley,West Catherinechester,359-361-5454x0656,7
71,Donald Fox,47,Male,Farmer,Highlands,Hillfort,001-562-853-2683x005,4
72,William Martinez,80,Female,Merchant,North District,Michaelchester,327.474.2398x88208,1
73,Charles Harvey,67,Other,Farmer,West District,East Ronald,+1-300-846-1135x56319,3
74,Daniel Weber,77,Female,Retired,North District,Courtneyton,929.884.5096x461,7
75,Danny Lyons,85,Other,Worker,Highlands,East Megan,001-871-806-1631x2614,4
76,Rebecca Romero,42,Male,Teacher,South District,East Edwardton,401-416-3546x73587,2
77,Pamela Arias,43,Female,Student,North District,North Codytown,638.545.2544x4276,7
78,Daniel White,83,Female,Teacher,Valley,Toddmouth,(682)426-9050x90966,5
79,Leslie Edwards,78,Female,Teacher,Central District,Davidsonstad,+1-774-797-8398,4
80,Carlos Velazquez,60,Male,Teacher,West District,Port Anna,901.471.7996,2
81,David Foster,59,Other,Worker,Valley,Melvinmouth,001-367-745-1902x257,2
82,Shawn Phillips,36,Other,Retired,East District,Lake Williamland,001-661-808-1951x25858,7
83,Jeff Stewart,63,Other,Nurse,Central District,North Amyland,(942)804-2969x036,6
84,Martha Martin,51,Female,Nurse,South District,New Edward,001-268-896-8865x3664,6
85,Amanda Mclean,72,Male,Merchant,Central District,Dunntown,+1-428-910-6961x419,3
86,Jeffrey Gibson,54,Male,Engineer,Valley,Suttonfort,522.606.6363x835,2
87,Holly Lewis,76,Female,Retired,Central District,Petershaven,719.444.7245x232,6
88,Cynthia Simmons,50,Female,Student,East District,Melissaville,001-325-278-1404x9381,8
89,Jerry Hopkins,81,Male,Teacher,Valley,Youngborough,+1-998-855-0639,6
90,Amanda Stone,45,Male,Student,North District,New Daniel,264-496-5400x174,2
91,Hannah Kelly,84,Other,Engineer,South District,Olsonstad,001-811-835-8030,1
92,Mercedes Hall,77,Female,Nurse,Highlands,Collinsland,847.920.7257,3
93,Darrell Nelson,68,Other,Engineer,Highlands,Dayhaven,382.749.9713,3
94,Nicholas Ruiz,60,Female,Nurse,South District,East Toni,655.325.2842x9246,2
95,Terri Cunningham,67,Other,Nurse,North District,Gregoryberg,+1-977-268-5926x24834,5
96,Jeffrey Branch,24,Other,Student,West District,Hendersonport,876-445-6813,3
97,David Morris,48,Male,Worker,West District,Janiceport,+1-430-491-9631x907,5
98,Brittney Leonard,52,Female,Worker,South District,East Donna,+1-954-468-5009x7058,5
99,Bill Collins,39,Female,Merchant,Valley,West Josephbury,+1-220-711-8475x19150,3
100,Kristina Gaines,29,Other,Retired,West District,Lake Ashleymouth,776-528-0282x18498,1
101,Samuel Ford,29,Female,Retired,Central District,Riveraland,001-904-996-4701x5735,8
102,Christopher Jones,41,Other,Engineer,South District,Justinberg,5009115899,7
103,Michael Edwards,48,Other,Farmer,East District,Kaiserborough,001-209-633-4143x6824,1
104,Dalton Maldonado,69,Female,Student,Highlands,Ramirezfurt,(801)875-2083x658,7
105,Emily Mata,50,Male,Student,South District,Lake Calvinchester,(857)877-7998,2
106,Richard Black,84,Other,Student,South District,North Matthewburgh,+1-254-607-1575,3
107,Mrs. Carly Carson,24,Female,Worker,South District,Morganchester,574.760.3660,1
108,Patrick Espinoza,80,Male,Student,Central District,Port Sabrinaville,001-371-863-1558x730,1
109,Christopher Chavez,65,Other,Engineer,North District,Jasontown,(731)400-5591x117,2
110,Leslie Hernandez MD,64,Male,Engineer,South District,East Kellybury,694-657-1059x7406,7
111,Jason Scott,25,Female,Merchant,North District,Maloneborough,3279636224,7
112,Gavin Hill,60,Male,Engineer,South District,Dawntown,(852)587-5395x7774,4
113,Timothy Love,31,Other,Merchant,North District,North Laurenfurt,754-392-8183x1383,8
114,Alicia Butler,57,Other,Farmer,Central District,Jenningschester,001-903-794-5338,1
115,Troy Williams,45,Male,Student,Highlands,Port Larrymouth,+1-775-946-6911x96734,3
116,Tyrone Ramirez,75,Male,Nurse,Central District,Marcusfurt,+1-220-602-9837x5645,3
117,April Hayes,27,Other,Farmer,Valley,North Cody,950.332.0129x9303,7
118,Matthew Hernandez,27,Male,Nurse,Valley,East Michael,823.985.3345,4
119,Jamie Obrien,78,Male,Engineer,North District,South Deanfurt,822-202-3825x09129,2
120,Kelli Hall,35,Female,Farmer,West District,Jonathonstad,(949)940-7342x990,6
121,Christopher Wade,80,Other,Teacher,West District,Camachoville,(825)294-5074x56489,1
122,Kimberly Sanchez,49,Male,Retired,Highlands,Adamsfort,+1-521-757-1060x36009,1
123,Kathy Ferrell,80,Other,Nurse,Highlands,Karafort,784.265.5280x01991,6
124,Joshua Gaines,43,Other,Teacher,North District,Danielmouth,+1-628-495-3602x3118,2
125,Judith Paul,35,Other,Retired,Valley,Timothyshire,+1-266-964-1949x19074,8
126,Tamara Brown,31,Other,Student,Highlands,Alexandrahaven,(853)812-8147x45105,6
127,Donna Mason,49,Other,Student,Central District,Samuelside,3756843852,5
128,Cynthia Smith,56,Other,Nurse,West District,Simonville,826.854.1216x65010,4
129,Thomas Bentley,18,Male,Worker,Highlands,Port Jeremiah,4282105094,8
130,Doris Doyle DVM,58,Female,Worker,Valley,Port Kristenside,+1-262-431-8071x3176,1
131,Robert Murray,31,Female,Student,Central District,Fredericktown,(620)211-0713x344,1
132,Matthew Clark,21,Female,Nurse,West District,Jillshire,637.286.0769,3
133,Mike Smith,67,Other,Farmer,South District,Brianland,8419646857,1
134,Bonnie Moore,39,Other,Merchant,Central District,South Rachel,711-945-5593,4
135,John Howard,54,Female,Teacher,Highlands,East Raven,(490)303-6839x23540,6
136,Adam Deleon,33,Female,Student,South District,Lake Joyce,(968)370-3141,8
137,Kevin Golden,79,Female,Worker,Central District,Stephanietown,(614)919-4699x373,6
138,Christina Baxter,27,Male,Student,Valley,Dunnmouth,878.465.9369x9664,2
139,Brendan Duncan,37,Male,Teacher,North District,Montesfurt,994.643.4943x25345,1
140,Patrick Davidson,63,Male,Merchant,West District,West Katelyn,+1-699-862-6437,3
141,Kyle Price,30,Male,Merchant,East District,Hermanfurt,(917)295-2211x10062,6
142,Jesse Johnson,32,Male,Nurse,West District,Lisaside,001-946-416-3529,2
143,Sandra Kelly,71,Other,Student,Central District,East Patrick,+1-997-378-8564x9639,6
144,Diane Day,26,Male,Student,South District,South Justin,272-410-1938,7
145,Lisa Lucas,31,Male,Merchant,Valley,West Russellview,949-996-5777x8357,2
146,Cody Vasquez,55,Female,Merchant,North District,Williammouth,700-929-6556x2629,3
147,Michael Baker,63,Other,Nurse,Central District,Bonillaland,5307869242,1
148,Meredith Mckenzie,80,Other,Nurse,North District,Brownside,001-512-912-9815x79074,2
149,Mark Wheeler,43,Other,Retired,South District,Bakerborough,+1-715-394-0920x45723,1
150,Stacie Thomas,85,Male,Farmer,West District,Anthonybury,+1-252-601-3642x24655,7
151,Sarah Chapman,62,Male,Nurse,South District,East Robertshire,+1-846-895-4149x867,2
152,Philip Lewis,23,Female,Merchant,West District,New John,(390)326-7638x1063,3
153,Brooke Sims,52,Other,Teacher,Highlands,Fordville,793.700.3294x436,2
154,Stephanie Aguirre,62,Female,Farmer,Valley,Port Victor,863-529-4733,8
155,Richard Shaw,55,Male,Worker,Central District,Spencermouth,+1-254-618-9503x388,7
156,Julia Elliott,24,Male,Engineer,Valley,Cookmouth,759.519.3084,1
157,Philip Baker,56,Other,Engineer,West District,Janetfort,649.242.2872x61803,5
158,Jean Bates,60,Other,Worker,Central District,North Andrewmouth,709.338.0528,3
159,Jennifer Walker,77,Male,Nurse,West District,Port Olivia,656.723.2725x771,7
160,Lisa Wilson,56,Other,Engineer,East District,Peterside,001-599-292-7245x4933,1
161,Amanda Paul,65,Other,Farmer,Highlands,Brownland,(679)720-1803x794,3
162,Brandon Hudson,45,Male,Farmer,West District,Holmesland,+1-594-965-3409x3767,6
163,Courtney Mann,59,Female,Farmer,Valley,South Michaelport,947.578.7100x1687,3
164,Thomas Burke,71,Female,Teacher,West District,New Nicole,8239545664,8
165,Elizabeth Salinas,54,Female,Teacher,East District,East Brandon,(407)808-0541x31254,1
166,Sharon Bell,40,Male,Farmer,Highlands,Mccoyhaven,675.654.6697x31975,4
167,Kevin Brown,35,Male,Retired,North District,Port Matthewburgh,+1-444-770-9893x473,3
168,Joseph Knight,60,Female,Worker,West District,Port Karenside,7757264774,8
169,James Hawkins,75,Female,Nurse,Central District,Brittanyborough,9829840686,7
170,Theresa Phillips,85,Male,Nurse,East District,South Teresafort,001-892-751-6713x96644,2
171,Patrick Thompson,83,Female,Nurse,Central District,North Keithville,+1-693-335-3379x7787,6
172,Lauren Arnold,65,Male,Teacher,West District,West Maria,+1-389-947-8677x57211,7
173,Christopher Gonzalez,83,Female,Nurse,South District,Escobarton,+1-856-626-0566x21614,4
174,Donna Bennett,70,Other,Retired,East District,New Crystalchester,001-695-673-3248x6308,8
175,Michael Ferguson,19,Female,Farmer,Central District,Shannonbury,309-523-9258x1061,4
176,Jordan Smith,77,Female,Student,Valley,Hernandezfort,001-326-573-9962,6
177,Shane Cox,26,Other,Student,Highlands,East Kristenberg,+1-704-216-7107x5553,2
178,Gail Morris,47,Male,Engineer,West District,Jacksonshire,(588)589-7168x3516,6
179,David King,34,Female,Nurse,West District,Lake Jacob,992-472-4018x65420,8
180,Carrie Nunez,27,Other,Retired,Valley,Sierrafort,+1-467-717-0304x92336,4
181,Mary West,31,Other,Student,West District,South Lindaland,5027751807,3
182,Rhonda Davis,39,Male,Student,South District,Jasonhaven,806-702-2006,5
183,Bryan Reilly,64,Female,Engineer,North District,Shermanland,001-947-340-4933x5781,4
184,Pamela Kramer,61,Female,Retired,East District,Cynthiafurt,(380)675-5428x8313,2
185,John Rivera,49,Other,Worker,Highlands,Robinsonstad,533-600-8546,4
186,Christopher White,25,Female,Worker,North District,South Drew,(811)693-8531x2223,2
187,Sarah Long,48,Other,Merchant,West District,Carolynmouth,859-552-2098x30744,7
188,Kelly Manning,44,Other,Nurse,East District,New Nancyside,787-533-2807x3962,2
189,Stacy Cline,37,Other,Worker,Highlands,Port Sharonfort,001-736-880-5670x894,8
190,Kyle Barnes,64,Male,Student,Highlands,West Thomasburgh,001-718-310-4130x1045,3
191,Michael Turner,84,Male,Teacher,Valley,West Jessica,564-868-1427x538,1
192,Heather Rosario,40,Other,Teacher,Central District,Juliefurt,+1-882-487-0179,8
193,Heather Vazquez,78,Female,Teacher,Valley,Lake Michaelberg,5433835572,6
194,Tiffany Terry,59,Female,Retired,East District,Catherineburgh,829-712-9052x123,8
195,Brian Simpson,41,Male,Retired,Valley,East Loriville,(621)389-0665x7800,1
196,Kyle Griffin,50,Other,Farmer,Highlands,Bryanburgh,+1-256-392-4582x30657,2
197,Craig Christensen,58,Other,Nurse,South District,Gregborough,(975)884-5905x4140,4
198,Patrick Daniel,33,Male,Merchant,East District,Lake Amy,628.712.2043x0865,1
199,Tiffany Smith,25,Female,Worker,Highlands,West Williamshire,(587)560-3956x855,6
200,Bill Henry,61,Male,Farmer,Highlands,West Katherineview,(614)724-5537x9181,3
201,Michael Jones DVM,64,Other,Retired,West District,Woodtown,266.241.3638x200,2
202,Allen Johnson,34,Male,Farmer,West District,Mariaport,884-788-3293,1
203,Amanda Flynn,60,Other,Nurse,North District,Port Tara,911.824.3168,4
204,Kathleen Carr,49,Other,Teacher,North District,Kelseybury,+1-468-947-2972x69191,1
205,Christopher Lopez,43,Male,Nurse,South District,East Danielleport,(585)235-9310x4931,7
206,Virginia Washington,58,Other,Nurse,South District,Helenborough,(308)441-9380x82067,6
207,Ronnie Scott,30,Male,Nurse,Highlands,Boydfurt,(654)786-9780x00841,5
208,Kimberly Strong,20,Male,Retired,East District,West Laurenville,582-831-8560x9145,3
209,Eric Oneill,53,Male,Student,Highlands,East Christopher,248.277.8072,5
210,Teresa Jordan,67,Female,Merchant,North District,Port Erica,(461)543-6072x1514,6
211,Elizabeth Chandler,66,Female,Merchant,South District,Carsonhaven,276.287.0791x96907,3
212,Tonya Sellers,81,Male,Worker,Central District,West Kenneth,447-879-2836x65159,2
213,Jessica Soto,49,Female,Worker,South District,New Clarence,001-404-927-2333x6684,5
214,Michael Nichols,75,Other,Engineer,East District,Lake Michaeltown,374-472-1408x4891,5
215,William Matthews,26,Other,Farmer,West District,Port Matthewville,923.367.2680,6
216,Kim Haley,46,Other,Retired,West District,Osbornehaven,001-932-815-2385x547,6
217,Angel Bond,61,Other,Merchant,Valley,North Brent,001-947-687-5987x0203,6
218,Kimberly Hester,27,Female,Worker,West District,West Martinview,355.895.5477,6
219,Robert Cox,76,Male,Retired,Highlands,South Sarahport,917.786.5629x54128,3
220,Thomas Hernandez,78,Male,Worker,North District,New Joshuaport,511.251.8111x2296,6
221,Elizabeth Ray,53,Other,Nurse,North District,North John,+1-220-952-1229x5605,2
222,Jacqueline Yates,51,Female,Engineer,West District,Juliemouth,001-534-375-6681,8
223,Miguel Espinoza,33,Other,Worker,North District,New Suzannestad,(522)997-1285,6
224,Kelly Ramsey,73,Male,Retired,West District,Keithview,373-406-5420,6
225,Lindsay Smith,49,Other,Nurse,Highlands,Kylemouth,(704)843-2894,1
226,Lisa Jones,71,Female,Merchant,East District,Kleinbury,(692)272-1652x15446,5
227,Nicholas Roy,58,Other,Student,North District,Simpsonhaven,326-300-6224x754,8
228,Taylor Fuller,58,Male,Farmer,West District,Lawrencechester,(946)993-5298x7558,5
229,Victoria York,85,Other,Nurse,North District,Youngmouth,+1-803-678-3325x1588,4
230,Leslie Johnson,43,Female,Worker,Central District,Sarahhaven,597.255.3882,4
231,Gregory Lopez,66,Other,Nurse,South District,New Katherine,+1-712-783-4299,8
232,Jeremy Snyder,31,Female,Merchant,South District,East Maryton,001-909-806-2132x87963,8
233,Raymond Terry,40,Male,Engineer,South District,Brownview,805-332-2332,5
234,Peter Bush,69,Other,Retired,North District,Medinaview,(768)856-4815x2048,6
235,James Gordon,29,Other,Student,East District,Lauriefurt,(795)780-4412x99431,3
236,Victor Diaz,34,Other,Engineer,East District,Catherinefort,+1-772-391-9284x8959,6
237,Jose Love,59,Male,Farmer,East District,South Margaret,445.746.1073x635,7
238,David Montes,85,Female,Worker,Valley,East Patrickton,339-783-3419,2
239,Paul Perry,72,Female,Worker,South District,East Meganview,483-273-1938x75079,6
240,Ashley Robinson,27,Male,Retired,South District,Stephensmouth,936-210-1986,7
241,Yolanda Lynch,70,Other,Student,West District,Evelynville,001-885-538-1652x39309,1
242,Jennifer Dyer,69,Male,Farmer,Highlands,Lake Dennismouth,646-252-1018x46201,7
243,Annette Mitchell,21,Male,Worker,West District,North Julie,228.891.6036,3
244,Jason Hoover,84,Female,Farmer,East District,South Jennifer,285-958-8395x4693,3
245,Cynthia Sullivan,38,Other,Student,East District,Nguyenville,(266)457-9907,1
246,Kimberly Romero,21,Female,Retired,East District,West Lesliehaven,+1-599-365-4689x987,7
247,Luis Diaz,20,Male,Nurse,South District,Isaacmouth,709.351.4234,8
248,Jeffrey Graham,61,Female,Engineer,South District,West Joshuafurt,001-228-619-2367x3388,5
249,Sarah Larson,76,Male,Teacher,West District,Jacksonside,386.468.0686x233,6
250,Ms. Alyssa Young,37,Female,Teacher,South District,Port Katherine,+1-640-889-3736,6
251,Sherri Allen,82,Other,Farmer,East District,East Philip,(386)709-7811,4
252,Barbara Branch,66,Other,Farmer,West District,Hartmouth,652-773-3492,4
253,Ann Colon,66,Male,Teacher,Valley,Lake David,327-542-8566,2
254,Tina Hicks,69,Other,Worker,Valley,South Johnchester,(981)580-0046,7
255,Christian Barron,56,Female,Merchant,Valley,Stephanieview,540-357-0208,2
256,Nicholas Lee,39,Female,Merchant,East District,North Brian,309-270-0046x60292,1
257,Bridget Robertson,41,Male,Retired,North District,South Alicia,001-807-896-6017,4
258,Laurie Davis,64,Female,Merchant,Valley,East Joshuaberg,757-214-0234x7429,4
259,Michael Hanson,63,Female,Retired,Highlands,West Toddmouth,441.634.7250x95558,7
260,James Mathews,76,Other,Merchant,South District,South Richardton,572.295.5819x96635,8
261,Allen Wright,42,Male,Student,South District,South Devinville,+1-533-438-3918,8
262,Tiffany Heath,46,Male,Merchant,West District,Cortezberg,227.996.9831,3
263,Zoe Kirk,70,Male,Farmer,Valley,Santanastad,939-512-8378,2
264,Susan Lloyd,24,Other,Student,North District,South Jessechester,+1-347-487-7997x77521,2
265,Robert Miller,76,Female,Teacher,East District,Port Michael,734-228-2850x05543,5
266,Cassidy Rice,47,Other,Student,Valley,Dalemouth,(660)856-1251x1407,6
267,Stephanie Mitchell,73,Male,Retired,South District,Jessicaport,001-201-752-6237,4
268,Rebecca Simmons,46,Female,Merchant,South District,North Shannonstad,4362496655,2
269,Amanda Perez MD,26,Male,Engineer,Highlands,Lake Matthewhaven,(321)971-7368,1
270,Phyllis Stewart,47,Female,Retired,North District,Rebeccatown,001-269-747-2792x637,7
271,Mitchell Rodriguez,78,Other,Worker,North District,New Alexborough,989.937.1878x85886,3
272,Zachary Martin,67,Other,Engineer,West District,Keithland,001-205-794-1352,4
273,Edward Booker,64,Female,Farmer,Central District,North Elizabethhaven,+1-580-758-3104x540,4
274,Nancy Hubbard,20,Male,Farmer,Highlands,West Michaelfort,+1-638-518-3562x27117,5
275,Joseph Cross,47,Female,Teacher,Valley,Danielletown,6678835951,6
276,Oscar Daugherty,73,Female,Worker,Highlands,Rodneymouth,338-464-8932x5911,7
277,Jennifer Reyes,83,Female,Merchant,Highlands,West Adam,(377)511-4355,6
278,Stephen Hanson,81,Other,Retired,Highlands,East Amandaberg,471-640-9663x692,3
279,Mrs. Lisa Brown,50,Other,Student,North District,Johnsonfort,(452)536-6573x2896,5
280,Ashley Herring,67,Female,Engineer,East District,Kimberlychester,(558)255-2700,5
281,Claudia Cox,78,Female,Retired,South District,Brownfurt,220-243-7562x4626,4
282,Jason Johnson,33,Female,Retired,South District,East Pamelastad,655.886.7232,3
283,Carol Owens,49,Male,Teacher,West District,East Crystalfurt,359.607.0665x5971,6
284,Susan Murray,70,Male,Engineer,Highlands,West Matthewstad,(564)920-6591,1
285,Olivia Cox,42,Female,Retired,South District,North Davidbury,375.872.7709,4
286,William Alvarado,46,Female,Teacher,Highlands,East Kimberly,748.877.4265,5
287,Monique Marshall,50,Female,Retired,Valley,New Alyssamouth,(897)938-7281x85241,7
288,Jason Gilmore,38,Female,Worker,Valley,Port Deborah,5413285889,8
289,Robin Ryan,32,Male,Retired,West District,Turnerton,277-898-8715x4675,8
290,John Fuller,38,Male,Student,South District,Lake Kelly,(423)997-1555,1
291,Anthony Garcia,18,Female,Student,Valley,West Kristinachester,432.585.9401,3
292,Robert Miranda,39,Male,Retired,Valley,West Robin,(732)401-2903x1131,5
293,Angelica Martinez,29,Male,Nurse,North District,West Gregoryfort,310-457-9996,3
294,Jerry Shannon,55,Female,Worker,Valley,Port Jamieberg,(856)920-4476,7
295,Michael Anderson,26,Female,Worker,Highlands,Lucasside,(668)610-9873x7028,1
296,William Austin,45,Female,Engineer,Central District,Lake Kayla,455-993-6192x53821,2
297,Eric Fitzpatrick,49,Other,Nurse,West District,New Paul,729.385.5278x9777,8
298,Kelly Patel,65,Female,Nurse,South District,Larsenfurt,(707)253-7701,3
299,Vanessa Juarez,31,Other,Engineer,Highlands,Port Shelbybury,+1-714-676-9866x437,4
300,Cory Day,64,Other,Merchant,North District,Evelynborough,484.651.1539,7
301,Kathleen Martinez,43,Other,Worker,Central District,West Morganberg,+1-786-709-8794,7
302,Ashley Sellers,35,Other,Farmer,South District,New Karen,001-981-994-0956x4346,4
303,Brad Cervantes,54,Other,Nurse,Central District,Taylorport,+1-957-407-1094x72453,1
304,Jessica Hubbard,54,Female,Worker,Highlands,South Larry,001-516-767-8301x412,3
305,Marvin Watson,38,Male,Worker,South District,North Caseyfort,+1-654-703-6540x70521,1
306,Peter King,64,Female,Nurse,East District,Port Jasonmouth,(312)755-1559,4
307,Kimberly Bray,25,Other,Student,North District,Washingtonborough,+1-837-588-6637x3570,2
308,Maria Miller,47,Other,Engineer,Central District,East Charlesfort,778.883.2170,2
309,Nicholas Williams,23,Female,Retired,East District,Markmouth,001-603-615-4649x06534,1
310,Mrs. Alicia Bennett,80,Male,Teacher,North District,East Christinehaven,763-889-5843,5
311,Michael Young,44,Other,Worker,West District,Lake Marktown,001-715-386-4476x828,5
312,Zachary Newman,83,Female,Nurse,Highlands,Woodton,304-548-5773x39872,4
313,Adrian Camacho,25,Female,Nurse,South District,West William,(412)481-3604x8725,3
314,Kara Powell,30,Male,Nurse,North District,North Randallton,860-431-6545x83308,7
315,Kristen Davis,44,Other,Retired,East District,Johnnyville,619-216-8374x55266,4
316,Kenneth Martinez,83,Male,Merchant,West District,Port Taylorburgh,801.915.3606x370,1
317,Teresa Ford,84,Male,Farmer,Valley,South Haleymouth,(607)933-9542,7
318,Carol White,40,Other,Student,Central District,North Jenniferton,001-284-553-8404x60059,8
319,Kim Mccoy,24,Female,Farmer,South District,South Wendy,001-996-772-9946x9057,4
320,Haley Ewing,22,Other,Engineer,East District,West Amy,001-558-841-9156x85658,3
321,Jacqueline Blackburn,69,Other,Teacher,East District,Boyerchester,817.426.9533,1
322,Amy Kelley,36,Other,Engineer,Highlands,Ryanton,(955)376-1714x16102,4
323,Marie Johnson,65,Male,Retired,Highlands,South John,847-601-4094,1
324,Kari Jones,58,Other,Worker,Valley,East Emilyfort,654-243-9237,4
325,Todd Flores,47,Other,Teacher,West District,North Dakotamouth,335.432.7996x39497,8
326,Beverly Herring,24,Other,Farmer,Central District,Hortonview,001-981-470-4686x419,6
327,Aaron Powell,81,Male,Engineer,Highlands,Glasshaven,(913)764-8746,5
328,Robert Tucker,71,Other,Farmer,Valley,North Jacobberg,467-703-7471x75877,2
329,William Mccall,62,Female,Merchant,Valley,Davidside,894-320-5051x13626,8
330,Monica Rivers,27,Female,Worker,South District,Lake Nicole,+1-851-455-1103x73997,8
331,Carmen Garrett,81,Other,Nurse,Highlands,Flowersmouth,(547)864-5465,6
332,Michelle Hunt,64,Other,Merchant,South District,North Stephen,325.583.9434x01719,6
333,Gregory Beck,42,Female,Teacher,East District,Lucerostad,(839)919-2691,1
334,Mary Cole,39,Male,Retired,Valley,Davidburgh,668-769-8870,1
335,John Lowery,80,Male,Farmer,North District,Derrickborough,(457)617-1742,8
336,Vicki Barnes,60,Female,Merchant,West District,Millerstad,6356564197,1
337,Steven Bond DDS,64,Male,Student,Valley,Hansenborough,(981)250-8582x5492,3
338,Joshua Stevens,49,Female,Engineer,Central District,South Lisamouth,2044953899,6
339,Jennifer Silva,75,Male,Worker,North District,Lake Valerie,509-997-9296x477,3
340,Jessica Miller,23,Female,Engineer,North District,Lake Angelatown,(233)333-5583,1
341,April Trujillo,72,Other,Merchant,North District,Valentineton,(683)613-7963,6
342,William Mcdonald,56,Female,Farmer,South District,West Erica,(765)846-0907x16654,1
343,Rachel Fields,78,Other,Student,North District,New Benjamin,001-923-634-3104x3842,6
344,Peter Gordon,40,Female,Teacher,East District,Wagnerton,5652427832,5
345,Kelly Valdez,75,Female,Merchant,North District,Carolynmouth,633-275-4736x36673,5
346,Kenneth Scott MD,66,Male,Worker,Highlands,Patriciamouth,001-879-202-1592x21873,2
347,Kristin Jennings,77,Other,Engineer,Highlands,Smithmouth,+1-321-335-7146x192,2
348,Brenda Moore,83,Female,Engineer,North District,South Candacestad,+1-565-412-6655,7
349,David Knox,81,Female,Retired,Central District,Vasquezland,939-273-6846x9380,3
350,Joshua Martin,49,Female,Nurse,North District,Wendyshire,260.960.5619x52292,3
351,Sandra Herrera,84,Female,Worker,Highlands,Huntfurt,(683)640-7418x3253,5
352,Tina Rodriguez,69,Other,Teacher,East District,Thompsonland,855-413-2743,5
353,Terry Edwards,79,Female,Farmer,North District,Pruittberg,(417)806-1293x87445,3
354,Veronica Mosley,61,Male,Retired,Central District,North Joseph,001-465-674-5468,8
355,Melissa Ball,56,Male,Nurse,Highlands,Potterfurt,(220)205-5483x204,1
356,Bradley Berg,69,Other,Teacher,West District,East Tiffanybury,+1-503-386-2536,3
357,Karen Shannon,45,Female,Nurse,Valley,Lake Cynthiaton,848-482-1747x571,3
358,Meghan Carrillo,55,Male,Nurse,West District,Galvanstad,+1-728-476-7141x9479,4
359,Christopher Kim,23,Female,Nurse,East District,East Matthew,766.396.4049,7
360,Robert Yates,83,Other,Merchant,North District,South Dianaton,839.270.1009,6
361,Mitchell Stevenson,28,Male,Engineer,North District,Port Jorge,689-711-3966,2
362,Joseph Garrison MD,56,Other,Student,Central District,Tinaland,(233)297-8488x34806,1
363,Jessica Anderson,64,Male,Engineer,Highlands,Wesleytown,369-201-8600x985,2
364,Ashley Young,37,Other,Merchant,Highlands,Lake Todd,758.996.5920x541,3
365,Taylor Madden,47,Female,Teacher,West District,Matthewtown,952.429.7589x54869,8
366,Tyler Espinoza,42,Male,Teacher,East District,East Brian,001-840-677-6815x26643,2
367,Dawn Brown,62,Male,Retired,Highlands,East Alanchester,645-469-6898x520,4
368,Nancy Dawson MD,46,Female,Nurse,Central District,Lake Ashley,(384)542-4353x8298,1
369,Joseph Sullivan,28,Other,Worker,West District,Sandersshire,001-456-671-9760,4
370,Cindy Holden,44,Other,Engineer,East District,Dickersonberg,(916)470-6669x37146,8
371,Nathan Stevens Jr.,18,Other,Farmer,Highlands,Port Jamie,001-946-264-6885x1910,8
372,Craig Lee,76,Other,Worker,Central District,East Lauraview,957-513-3091x4685,2
373,Christina Mcmahon,48,Other,Student,North District,Youngport,3532458905,2
374,Benjamin Johnson,38,Other,Merchant,South District,Jacquelinemouth,6288465274,6
375,James Jones,54,Other,Merchant,East District,South Laura,(790)670-8538,2
376,Chad Palmer,38,Female,Engineer,West District,Jamestown,+1-983-871-1992,6
377,Alexandra Vaughn,18,Other,Teacher,South District,New William,001-329-698-5198x2785,1
378,Brandon Moore,21,Male,Nurse,Central District,Mayofurt,(841)688-2663,5
379,Bernard Hodge,82,Male,Merchant,North District,West Benjamin,+1-658-866-9771x102,4
380,Carol Johnson,81,Male,Worker,South District,Lake Mary,+1-873-560-3610x41569,2
381,Natasha Hayes,57,Female,Engineer,North District,Johnsonburgh,(240)989-3964x4082,6
382,Philip Brock,60,Male,Engineer,Valley,Port Diane,542.932.4481x138,7
383,Michael Galloway,79,Female,Engineer,North District,East David,343.248.3330x46160,3
384,Jordan Kennedy,57,Male,Retired,West District,Rogersshire,6964481668,4
385,Jesus Pope,63,Other,Engineer,North District,Lake Veronica,588-931-7181x6601,1
386,Shawn Marsh,51,Other,Student,West District,Rhondaton,001-434-550-1949,8
387,Suzanne Roberts,24,Other,Engineer,South District,New Dana,+1-821-916-8962x943,1
388,Sharon Mckay,29,Other,Merchant,Valley,Wrightfort,001-939-314-9491x53443,4
389,Jacob Bryant,63,Male,Farmer,Highlands,West John,450.268.1259x9121,4
390,Michael Clayton,36,Male,Worker,Central District,North Elizabeth,998.419.8585x03032,3
391,Sarah Mcdonald,72,Male,Retired,Central District,North Krystalfurt,001-401-297-2565x39392,8
392,Sean Martinez,21,Male,Farmer,South District,Cruzmouth,(783)916-8290,8
393,Amy Garcia,52,Male,Farmer,North District,Keithport,557.342.3044x25887,1
394,Karen Watson,60,Female,Teacher,Highlands,Lake Ashleymouth,(529)983-3557x408,2
395,Dr. Gary Douglas,31,Female,Merchant,Central District,New Danielle,+1-220-903-8424x549,3
396,Lisa Jackson,56,Female,Engineer,East District,Gregoryview,913.290.1862,1
397,Laura Aguilar,45,Other,Worker,East District,West Meganfort,001-789-200-7553,5
398,David White,83,Female,Worker,West District,South Sonia,001-750-755-1996x742,3
399,Theresa Wise,49,Female,Retired,West District,South Aprilchester,405-823-5876,4
400,Amanda Mckinney,70,Other,Nurse,Valley,Coltonstad,001-967-438-1095x7723,2
401,Joshua Park,46,Other,Nurse,South District,Lake Danny,(651)313-7842,5
402,Christine Barron,22,Male,Nurse,Valley,New Donald,711-541-2577x6531,1
403,David Nichols,44,Male,Nurse,Highlands,Janiceborough,001-446-758-5883x27587,3
404,Ryan Pham,78,Female,Engineer,North District,South Anne,+1-421-212-1195x61527,5
405,Ricky Contreras,43,Other,Nurse,West District,New Haley,+1-690-646-0366x69989,6
406,Alexander Ryan,66,Female,Retired,East District,East Linda,763-312-5918x8275,6
407,Katherine Watkins,85,Female,Worker,North District,Hickmanton,917.470.9060,1
408,Joshua Conley,51,Female,Student,Central District,New Charles,(923)544-5123,7
409,Kenneth Robles,58,Other,Student,East District,West Tiffany,(930)579-4385,3
410,Dr. Barbara Blair,47,Male,Student,Central District,Lauriestad,452.960.2965x83065,5
411,Lisa Francis,31,Female,Worker,Valley,Jessicabury,001-542-918-3631x39220,2
412,Tonya Brown,83,Male,Engineer,Valley,South Derekchester,957-326-6092x670,6
413,Franklin Wilson,40,Female,Teacher,Valley,Amandahaven,848.355.6479,8
414,Sean Graves,73,Male,Nurse,North District,East Nathan,351.334.7163x532,7
415,Elizabeth Cooper,59,Other,Merchant,West District,Colemouth,217-941-1027x29734,4
416,Felicia Forbes,68,Male,Student,East District,Christinemouth,001-279-473-7241,1
417,Connie Baker,58,Male,Teacher,Highlands,Lake Michael,001-657-279-1770x8062,1
418,Luis Gonzalez,54,Male,Retired,South District,Lake Jeffrey,670-718-7452,6
419,Steven Marshall,40,Female,Nurse,Highlands,South Jenniferbury,392.429.6349x19487,8
420,Kimberly Ortega,69,Other,Merchant,North District,Lake Susan,(731)881-1999,8
421,Randy Sharp,85,Other,Nurse,East District,Port Christy,001-339-839-6466,2
422,Joshua Franklin,29,Female,Farmer,South District,Tracistad,242.907.9397x833,5
423,Robert Mitchell,63,Female,Merchant,North District,South Stephen,(687)408-9757,5
424,Natalie Hall,81,Male,Engineer,Valley,South Deborah,001-500-550-3536x86687,6
425,Colleen Villanueva,65,Female,Teacher,Highlands,Lake Melodyborough,340-634-7312x533,1
426,Kyle Reyes,68,Male,Merchant,Central District,Bradleyhaven,645.781.0928,6
427,Thomas Mason,64,Other,Merchant,Central District,West Joshuatown,001-762-300-0947x14119,1
428,Rachel Collins,50,Female,Teacher,East District,East Stephenstad,556.530.0753x6979,1
429,Martin Soto,62,Other,Engineer,North District,Jessicabury,001-290-606-0007x3274,4
430,Michele Palmer,25,Other,Engineer,Central District,South Peterville,(892)758-2929x3066,2
431,Jason Collins,18,Female,Farmer,East District,Lake Brittanystad,5352554522,4
432,Elizabeth Allen,75,Other,Nurse,West District,Elizabethmouth,+1-773-801-8594x473,2
433,Christopher Thomas,82,Male,Teacher,Highlands,Woodsshire,690-928-6277x182,8
434,Mark Nixon MD,45,Male,Engineer,North District,North Gabrielle,359.588.7786,6
435,Jacob Thomas,39,Female,Farmer,Highlands,Robertport,(557)459-2398x82193,6
436,David Smith,30,Male,Engineer,Highlands,Lake Chrisberg,(856)865-0642,3
437,Dr. Valerie Glenn MD,41,Female,Farmer,West District,Benjaminstad,363-622-3267x07570,8
438,Ian Lee,84,Female,Worker,Highlands,Davisview,545-312-3642x40671,6
439,Nicole Simmons,76,Female,Student,Central District,South Mitchell,(977)591-4355,3
440,Victor Herman,35,Other,Student,East District,East Evanview,555.718.2491,6
441,Ryan Cook,75,Male,Engineer,Central District,West Paultown,721.286.3113x924,7
442,Matthew Campos,32,Female,Student,South District,New Frances,(989)848-1949x872,7
443,Nathaniel Hines,76,Other,Student,East District,New Sarahborough,755.623.7122x17974,4
444,April Roberson,52,Female,Farmer,Valley,Claytonstad,621-388-7406,2
445,Jeff Brown,69,Other,Nurse,Central District,East Joshua,(664)761-8172x842,4
446,Bethany White,71,Other,Nurse,West District,Port Kristin,+1-884-371-9513x466,6
447,Rebecca Collins,37,Male,Retired,Central District,Matthewbury,+1-984-554-1417,3
448,Wendy Brooks,37,Female,Engineer,Central District,East John,(295)668-0416x8559,8
449,Kristen Wilson,74,Female,Retired,North District,North Rodneybury,256.744.7902x63194,5
450,Mitchell Foster,37,Male,Engineer,West District,New Maryland,5695483604,7
451,Mr. David Jordan,71,Female,Worker,North District,Lisaview,651-355-6826,8
452,Charles Mcclain,22,Other,Worker,West District,Randallton,(276)657-8326x6878,4
453,April Duncan,70,Other,Teacher,North District,Port Scott,(575)407-4943x6685,2
454,Tina Jones,43,Male,Teacher,Central District,Lake Nicole,949.695.3852x04497,7
455,Isabella Martin,44,Female,Farmer,West District,Port Jonathanview,+1-548-543-1353x96374,3
456,Edward Lewis,44,Female,Merchant,Central District,Harringtonland,(230)649-4675x038,8
457,Mark Marks,44,Male,Retired,North District,Josephtown,001-583-673-8841x2458,7
458,Nicholas Terrell,83,Other,Teacher,South District,Kennedyshire,902-348-6845x85868,1
459,Karen Becker,36,Other,Teacher,Highlands,South Phillipport,464-646-9683,2
460,Adam Williams,21,Female,Student,North District,North Sarahmouth,(987)652-7180x22421,2
461,Alexander Velez,69,Female,Retired,West District,Davidbury,+1-720-384-7172,6
462,Kathy Moreno,75,Female,Nurse,North District,West Timothyland,977-297-1048x969,5
463,David Holland,26,Male,Retired,North District,Hartborough,863-238-6618x2797,3
464,John Roberts,49,Other,Merchant,South District,South Kirsten,577.261.4306,8
465,Michael Lee,20,Other,Farmer,North District,Simpsonchester,(720)762-3764x8337,3
466,Charles Davidson,78,Other,Engineer,North District,West Belinda,287-379-9557x5090,2
467,Nicole Joseph,80,Female,Merchant,Central District,East Emilyfort,600.380.2443x4450,6
468,Misty Mayo,31,Male,Merchant,East District,Port Candacefurt,729-971-5383,7
469,Deborah Rodriguez,37,Other,Nurse,Highlands,Brandifurt,465.362.5770,1
470,Krystal Ho,44,Female,Engineer,South District,North Erica,(898)915-0875x001,3
471,Shirley Adams,56,Female,Farmer,South District,Jeffreyburgh,+1-589-885-9724x5859,8
472,Jason Combs,59,Other,Merchant,Valley,West Joseph,+1-366-880-7497x4553,1
473,Kimberly Davis,73,Female,Farmer,South District,West Georgeburgh,+1-958-938-5382x223,3
474,Wayne Sandoval Jr.,51,Male,Nurse,Central District,East Cassandraberg,783-985-9991x974,6
475,Bobby Williams,52,Female,Merchant,Valley,Amandahaven,893-999-6016,8
476,Curtis Morse,71,Other,Nurse,South District,North Melinda,8889941107,6
477,Kristine Lindsey,52,Female,Nurse,West District,Moyerfurt,001-937-938-6735x647,1
478,Melinda Singh,82,Other,Merchant,South District,Stewartstad,690.657.6756,4
479,Charles Richardson,71,Male,Merchant,Highlands,Wrightbury,674.373.2151,4
480,Misty Welch,63,Other,Nurse,North District,Jordanmouth,7732599820,1
481,Donald Ford,28,Female,Engineer,East District,Lake Maxwell,(485)730-9623x85793,7
482,Debbie Palmer,57,Male,Merchant,North District,East Dalestad,983-921-5773x7584,8
483,Holly Adams,40,Other,Worker,East District,Josephview,4188385458,1
484,Leslie Jordan,62,Female,Student,Valley,North Erin,+1-580-541-3408x4940,4
485,Kevin Landry,44,Male,Farmer,West District,Sarahstad,001-642-381-9120x995,2
486,Jacob Rivera,71,Other,Merchant,Valley,Burtonfurt,847-265-6297x287,8
487,Angela Clark,23,Female,Engineer,Valley,West Mario,4772959122,3
488,Monique Lee,36,Male,Teacher,West District,North Christy,+1-752-874-8532x51624,4
489,Eric Williams,30,Male,Teacher,South District,New Adamfurt,832-545-3422x533,7
490,Ashley Deleon,34,Other,Farmer,East District,Samuelview,001-239-816-9498x4588,4
491,Maria Collins,55,Female,Student,East District,Lake Zachary,201-637-9788x41608,8
492,Kyle Green,33,Female,Nurse,Valley,Johnsonburgh,3528301973,7
493,Jessica Hall,39,Female,Student,Central District,Shannonstad,6109442331,7
494,Adam Martinez,50,Male,Engineer,North District,Jonesbury,+1-588-637-5387x936,1
495,Joseph Hernandez,40,Male,Teacher,Valley,Davidchester,(423)279-6894,4
496,Kimberly Smith,45,Male,Student,Valley,Chelseaside,316.348.9581,2
497,Ann Graves,51,Male,Teacher,Central District,Troytown,+1-837-401-8014,4
498,John Henry,20,Male,Farmer,East District,East Kelsey,(684)630-5330x806,3
499,Katherine Bond,74,Female,Nurse,East District,Rhondashire,(900)656-3141,6
500,Timothy Dixon,23,Male,Engineer,West District,Carterfort,(444)406-9033,7
501,Charles Dennis,74,Female,Teacher,West District,Lake Danielle,922.822.4787x15331,1
502,Diane Cruz,52,Female,Merchant,South District,Sharontown,(310)843-0606x12507,7
503,Karen Fuller,28,Female,Farmer,Central District,Martinside,2947051728,1
504,Kevin Grimes,67,Female,Teacher,South District,Kellyland,+1-543-726-0746x12753,8
505,David Boyd,69,Female,Farmer,West District,Andrewsland,885.950.7757x24295,5
506,Lisa Walker,84,Male,Engineer,North District,Lake Jennifer,362.845.5583,6
507,Maria Roberson,65,Male,Teacher,West District,Rowemouth,001-504-888-6482x85757,2
508,Alexandra Flores,50,Male,Engineer,East District,Port Johnfurt,(601)325-9694x4902,2
509,Tiffany Vazquez,47,Male,Farmer,South District,Lake Ryanhaven,+1-387-918-6956x0712,7
510,Vincent Massey,56,Female,Engineer,South District,Phillipstown,930-605-8094x593,8
511,Melissa Williams,72,Female,Worker,Central District,South Matthew,(211)241-2167x28902,7
512,Jillian Flores,47,Other,Student,South District,Lewisborough,(968)238-5085x6105,8
513,Danielle Fernandez,19,Male,Worker,Central District,Griffinton,6713797168,8
514,Brian Santos,45,Male,Retired,West District,East Amber,(724)665-7644x046,3
515,Lauren Wilson,23,Male,Teacher,Highlands,Bryanberg,707-337-4948x744,4
516,Hector Barnett,74,Female,Engineer,East District,Davidfort,533.851.5686,2
517,Maria Herman,23,Male,Nurse,Highlands,Mooremouth,795-215-5305x096,2
518,Christine Nelson,31,Female,Worker,West District,Sheppardchester,(718)490-4767x936,3
519,Jose Solomon,60,Male,Merchant,West District,Eddiestad,001-631-260-3426,3
520,Amy Simmons,51,Female,Retired,Highlands,East Felicia,+1-262-859-3111x09559,5
521,Amy Johnson,31,Male,Farmer,Valley,Lake Michaelmouth,379-520-9588,2
522,Tiffany Francis,48,Female,Farmer,Valley,Starkport,473.321.6321x2381,5
523,Tyler Ramirez,59,Male,Engineer,East District,Mccoyburgh,001-353-654-3021x571,2
524,Emily Green,56,Other,Nurse,Valley,West Virginiafurt,863.716.0120,4
525,Shaun Gay,38,Female,Retired,Central District,East Brandonmouth,548-878-5877x743,7
526,Samantha Morrison,80,Other,Farmer,Valley,Port Annaside,(383)327-2589x5214,1
527,Katie Cortez,62,Male,Merchant,Highlands,South Aliciaville,2536605198,8
528,Scott Woodward,29,Female,Nurse,North District,West Miguelville,625-986-5618x7389,2
529,William Ruiz,70,Other,Merchant,Highlands,Erinburgh,459-938-3609,6
530,Robert Scott,22,Female,Nurse,Central District,New Brittany,(555)910-6118x8131,1
531,Danielle Porter,65,Other,Teacher,South District,Garzaport,(250)531-0344x104,2
532,Kimberly Camacho,36,Female,Farmer,Central District,Port Lisa,873-989-8926x1177,3
533,Kathleen Rose,44,Female,Worker,Valley,Joseport,385.859.5602x49267,3
534,Jesse Harrison,51,Male,Teacher,South District,North Samuel,+1-535-514-0526x9515,6
535,Tara Mcbride,66,Male,Merchant,East District,Harrismouth,542-943-4641x7151,1
536,David Mcmillan,19,Female,Engineer,South District,Lake Brandonmouth,373.678.3751x0244,5
537,Victoria Davis,46,Other,Engineer,Highlands,New Kyleville,400-754-8451,1
538,Brady Morris,39,Other,Teacher,East District,Richardsonville,+1-428-641-2346x3199,2
539,Terri Clark,28,Male,Nurse,Central District,Spearschester,364-772-0286,4
540,Matthew Ellis,20,Female,Farmer,North District,South Kristyside,(514)363-5109,2
541,Nicholas Brown,75,Other,Retired,East District,Smithhaven,001-657-922-2257,1
542,Lauren Williams,57,Other,Student,East District,Lorifurt,(963)275-1548,6
543,Jennifer Mcdonald,37,Other,Farmer,Central District,Bradyland,001-818-662-1055x0940,7
544,John Clark,46,Male,Nurse,East District,Lake Susan,321-534-6321,3
545,Anthony Hanson,40,Male,Retired,South District,Walkerside,559-563-7462x77986,7
546,Brittany Morris,82,Other,Merchant,South District,Lake Jamesside,(518)208-0609,8
547,Anne Kelly,33,Other,Farmer,South District,Port Scottberg,749.903.2036x61876,6
548,Tiffany Guzman,45,Male,Student,East District,Matthewland,001-587-356-9780x101,2
549,Amanda Smith,67,Female,Farmer,North District,North Daniel,350-368-3568,2
550,Eric Hill,58,Female,Student,West District,Juliemouth,626.234.0499x804,4
