Benefit_ID,Beneficiary_ID,Benefit_Type,Date_Provided,Status,Remarks
1,129,Training Session,2025-08-12,In Progress,
2,398,Maintenance Check,2026-03-20,Completed,
3,540,Maintenance Check,2026-04-22,Pending,National early kitchen add man particular.
4,68,Safety Kit,2026-04-10,Completed,
5,93,Safety Kit,2026-06-12,Completed,Single born remain executive now summer pass.
6,283,Maintenance Check,2026-02-02,Completed,
7,467,Safety Kit,2026-05-09,Completed,Yourself source themselves effort.
8,131,Gas Detector Install,2025-10-01,Completed,That deep effect morning record form among.
9,289,Subsidized Equipment,2026-03-10,Completed,Admit accept plan prevent out city cost mention.
10,294,Maintenance Check,2026-05-24,In Progress,
11,318,Safety Kit,2026-02-22,Pending,Investment west finally support impact sea executive style.
12,24,Safety Kit,2025-09-25,In Progress,
13,332,Training Session,2025-09-20,Completed,Range arrive enough party national fine water answer.
14,306,Gas Detector Install,2025-11-18,Pending,Leg product above member stuff west.
15,303,Maintenance Check,2025-08-11,Completed,
16,370,Subsidized Equipment,2025-11-23,Completed,
17,120,Subsidized Equipment,2026-06-08,Completed,
18,251,Safety Kit,2025-08-20,Completed,
19,369,Training Session,2025-08-22,Completed,
20,368,Safety Kit,2026-03-22,Completed,
21,439,Subsidized Equipment,2026-03-03,Pending,Similar very season child.
22,218,Maintenance Check,2026-04-01,Completed,
23,169,Maintenance Check,2025-08-25,Completed,Figure side art as.
24,226,Safety Kit,2025-07-23,Completed,Still billion shake memory.
25,18,Gas Detector Install,2026-05-30,Completed,Let financial power leg up military capital.
26,323,Subsidized Equipment,2026-04-21,Completed,White play beyond education gun.
27,7,Safety Kit,2025-09-17,In Progress,
28,44,Training Session,2026-03-12,Completed,Develop reality reason.
29,202,Gas Detector Install,2025-08-23,Completed,
30,132,Training Session,2026-06-06,Completed,Rather appear bit western none science she.
31,151,Gas Detector Install,2025-09-20,Pending,Cold nation might.
32,79,Gas Detector Install,2026-05-20,In Progress,
33,522,Gas Detector Install,2025-09-13,Completed,Long possible record whatever attack fear difference.
34,372,Gas Detector Install,2025-12-11,Completed,Need explain often three.
35,59,Gas Detector Install,2025-11-12,Rejected,
36,201,Gas Detector Install,2025-12-30,Completed,Scene own too office.
37,192,Maintenance Check,2026-01-16,In Progress,
38,152,Training Session,2025-08-17,Pending,Human control up become.
39,319,Gas Detector Install,2025-10-22,Completed,
40,229,Subsidized Equipment,2026-03-14,Rejected,Carry moment consumer those room.
41,192,Training Session,2026-06-23,Completed,
42,74,Training Session,2025-11-09,Completed,
43,354,Subsidized Equipment,2026-02-22,Completed,Talk audience man economy.
44,533,Safety Kit,2025-08-05,Completed,Ten million here develop thought feeling young.
45,95,Training Session,2025-07-08,Completed,Catch left speak during free should method.
46,20,Gas Detector Install,2026-04-24,Completed,Court half create begin.
47,401,Training Session,2026-03-14,Completed,
48,359,Gas Detector Install,2025-10-20,In Progress,Catch arrive go fly.
49,466,Training Session,2025-09-27,Completed,Single land personal training hope employee wife sit.
50,187,Subsidized Equipment,2026-04-24,Completed,
51,359,Training Session,2026-03-12,Completed,Sure officer kitchen able protect oil.
52,443,Safety Kit,2026-06-11,Completed,
53,165,Safety Kit,2025-11-27,Completed,
54,323,Training Session,2025-08-10,Pending,Share like culture drive manager environment media remember.
55,251,Gas Detector Install,2026-04-01,Completed,Learn at authority.
56,444,Safety Kit,2025-12-21,Completed,Sort as security statement.
57,85,Gas Detector Install,2025-10-26,Completed,
58,65,Maintenance Check,2026-05-21,Completed,
59,56,Maintenance Check,2026-04-30,Completed,Protect feeling level executive.
60,449,Maintenance Check,2026-01-02,Completed,
61,433,Training Session,2026-03-03,Completed,
62,97,Gas Detector Install,2026-01-26,Completed,Surface relate local perhaps.
63,538,Maintenance Check,2025-12-11,Completed,
64,440,Safety Kit,2026-02-07,In Progress,Modern their behavior sing group.
65,251,Maintenance Check,2026-03-26,In Progress,
66,164,Training Session,2025-10-06,Completed,She own ahead cultural three state brother.
67,464,Subsidized Equipment,2025-08-31,Completed,
68,358,Training Session,2025-07-20,Completed,Trade result other far sister carry.
69,337,Maintenance Check,2026-05-19,Completed,
70,356,Safety Kit,2026-04-14,Completed,Night finish similar listen charge win table.
71,483,Subsidized Equipment,2025-08-21,Completed,Yes write hair yeah feel.
72,420,Gas Detector Install,2026-04-17,Completed,Tough record per someone safe service these.
73,323,Training Session,2025-06-29,Completed,Sure material arrive low.
74,70,Subsidized Equipment,2026-05-17,Completed,Pick win inside win news sport.
75,530,Gas Detector Install,2025-07-31,Pending,
76,501,Gas Detector Install,2025-07-02,Completed,
77,239,Safety Kit,2025-07-13,Completed,How close key but.
78,334,Maintenance Check,2025-07-04,Completed,
79,118,Subsidized Equipment,2025-11-07,In Progress,
80,289,Subsidized Equipment,2025-06-29,Completed,
81,219,Maintenance Check,2025-08-03,In Progress,
82,70,Safety Kit,2026-03-31,Completed,
83,15,Maintenance Check,2025-08-31,In Progress,Face eye today level executive alone call.
84,285,Training Session,2026-01-13,Completed,Beautiful find drive local foot.
85,300,Training Session,2025-10-23,In Progress,Morning during six anyone example offer every.
86,62,Subsidized Equipment,2026-01-19,Completed,Security avoid writer everything each less notice.
87,34,Training Session,2025-10-01,Completed,Two sing skill.
88,481,Maintenance Check,2025-10-19,In Progress,Too hundred north near.
89,342,Subsidized Equipment,2026-02-19,Completed,
90,83,Gas Detector Install,2025-11-28,Completed,
91,103,Safety Kit,2026-06-08,Completed,
92,48,Subsidized Equipment,2025-12-08,Completed,
93,425,Safety Kit,2026-04-11,Completed,Girl care staff theory receive nearly.
94,238,Gas Detector Install,2025-12-08,Completed,
95,263,Subsidized Equipment,2025-11-27,Completed,Environment measure collection occur study month.
96,231,Subsidized Equipment,2026-01-09,Completed,Space nice people country mother situation the.
97,345,Training Session,2026-04-19,Rejected,
98,289,Safety Kit,2025-12-25,In Progress,Guess audience place front.
99,447,Maintenance Check,2026-03-09,Completed,Start hot like four.
100,365,Gas Detector Install,2025-08-27,Completed,Age camera relate throw.
101,280,Training Session,2025-08-07,Completed,
102,117,Subsidized Equipment,2026-03-23,Completed,
103,317,Subsidized Equipment,2026-03-17,Completed,Real thank project list can same statement care.
104,267,Gas Detector Install,2026-03-03,In Progress,
105,373,Safety Kit,2026-06-24,Completed,Until lawyer bill meet.
106,59,Training Session,2025-11-16,Completed,Inside region statement three movie section.
107,535,Training Session,2025-10-14,Completed,
108,540,Subsidized Equipment,2025-11-28,Rejected,
109,358,Gas Detector Install,2025-12-09,Completed,
110,455,Maintenance Check,2026-04-17,In Progress,
111,443,Gas Detector Install,2026-06-13,Completed,
112,497,Subsidized Equipment,2025-09-28,Rejected,
113,431,Training Session,2025-09-04,Pending,
114,335,Safety Kit,2025-08-20,Completed,Economy month history follow charge project.
115,143,Gas Detector Install,2026-02-18,Pending,
116,358,Gas Detector Install,2025-09-08,Completed,Voice page house themselves visit quality memory.
117,429,Safety Kit,2025-10-29,Completed,
118,200,Safety Kit,2026-01-07,Completed,
119,545,Gas Detector Install,2026-04-10,Completed,Very should investment poor.
120,360,Subsidized Equipment,2026-02-19,Completed,Sense we himself outside maintain color.
121,164,Maintenance Check,2025-07-05,Pending,Guy thus probably why.
122,86,Maintenance Check,2025-11-14,Rejected,
123,402,Maintenance Check,2026-06-20,Completed,Child cell sell imagine visit five various.
124,488,Subsidized Equipment,2026-01-14,Completed,
125,78,Subsidized Equipment,2026-03-09,Completed,
126,178,Gas Detector Install,2025-10-12,Completed,Right town usually form whether.
127,294,Gas Detector Install,2026-03-20,Completed,
128,46,Maintenance Check,2025-09-02,Completed,Line four why total machine who technology.
129,437,Gas Detector Install,2026-02-02,Rejected,
130,400,Subsidized Equipment,2025-07-30,Completed,
131,38,Training Session,2025-09-09,Completed,
132,2,Training Session,2026-05-29,Completed,Myself accept moment.
133,344,Safety Kit,2025-10-20,Completed,Without push yes spring show.
134,400,Training Session,2026-05-31,Completed,Statement stop along think.
135,524,Training Session,2025-07-20,Completed,Thus officer within voice debate.
136,394,Training Session,2025-08-02,Pending,
137,186,Training Session,2025-10-04,Completed,
138,305,Subsidized Equipment,2026-03-16,Completed,
139,64,Maintenance Check,2025-08-16,Completed,All energy thought value hit thought.
140,488,Gas Detector Install,2026-04-10,In Progress,Accept police think story interest information method.
141,456,Maintenance Check,2026-01-02,In Progress,
142,236,Gas Detector Install,2025-12-01,Completed,Between five note peace plan rise.
143,480,Safety Kit,2025-12-30,Completed,His six author painting wall position.
144,214,Training Session,2026-01-02,Completed,
145,257,Maintenance Check,2025-10-03,Completed,Meet kitchen power tax site.
146,5,Safety Kit,2026-06-17,Completed,Guy point hear southern white particularly light.
147,468,Safety Kit,2026-04-11,Pending,House modern significant while trade.
148,510,Safety Kit,2025-11-04,Pending,Parent election attention and.
149,463,Gas Detector Install,2025-07-25,Completed,Special girl measure specific learn.
150,186,Subsidized Equipment,2026-01-19,Completed,Hand determine military nor him coach learn.
151,163,Safety Kit,2025-10-23,Completed,
152,352,Gas Detector Install,2025-12-08,Completed,
153,33,Training Session,2025-09-28,In Progress,Sell interesting discussion reflect next perhaps.
154,430,Subsidized Equipment,2025-09-06,Completed,
155,274,Training Session,2025-10-23,Completed,Economy mean whatever.
156,41,Safety Kit,2025-12-04,Completed,
157,200,Subsidized Equipment,2026-01-05,Pending,Member continue watch sometimes important.
158,374,Training Session,2025-09-13,Completed,
159,317,Maintenance Check,2025-11-23,In Progress,Make upon population adult but try cultural.
160,535,Maintenance Check,2026-05-18,Completed,
161,385,Gas Detector Install,2025-07-10,In Progress,Reflect in his speak rich school.
162,524,Training Session,2025-10-11,In Progress,Spring reduce author north eye him leave.
163,291,Training Session,2026-05-24,Completed,Director give remember cell young send.
164,417,Maintenance Check,2026-02-26,Completed,While happen return read.
165,39,Gas Detector Install,2026-03-14,Pending,Kind individual major city room wide.
166,406,Training Session,2025-11-22,Completed,Community gun finally alone education from water.
167,89,Gas Detector Install,2025-06-28,Completed,Me good anything through feeling program.
168,85,Subsidized Equipment,2025-10-26,Completed,Box apply fire tend option.
169,31,Safety Kit,2026-03-11,Completed,
170,450,Maintenance Check,2025-11-13,Completed,
171,131,Subsidized Equipment,2025-10-28,Completed,
172,279,Subsidized Equipment,2025-11-07,Completed,
173,547,Training Session,2026-04-15,In Progress,Coach moment ahead base more play.
174,363,Subsidized Equipment,2025-12-23,Completed,Itself interview major state.
175,439,Safety Kit,2025-10-25,Completed,
176,195,Gas Detector Install,2026-03-14,Completed,
177,354,Gas Detector Install,2026-02-21,Completed,
178,451,Training Session,2025-09-27,Completed,
179,410,Gas Detector Install,2026-01-31,Completed,
180,50,Maintenance Check,2026-06-21,Completed,
181,359,Subsidized Equipment,2025-12-29,Completed,Production fish yeah even.
182,214,Safety Kit,2026-06-03,Completed,
183,175,Training Session,2025-11-26,In Progress,Ago him rest remember race parent point.
184,52,Subsidized Equipment,2026-02-26,In Progress,Democrat study beautiful again industry three.
185,271,Safety Kit,2025-09-26,Rejected,Draw language imagine song crime.
186,116,Training Session,2025-12-31,Completed,
187,60,Safety Kit,2026-03-01,Completed,Lose charge size us young computer once.
188,322,Subsidized Equipment,2025-07-09,In Progress,
189,158,Subsidized Equipment,2025-07-03,In Progress,
190,224,Training Session,2025-09-24,Completed,
191,83,Safety Kit,2026-05-28,Completed,
192,203,Subsidized Equipment,2025-06-25,Pending,Adult material visit per land.
193,519,Maintenance Check,2025-06-29,Completed,
194,217,Subsidized Equipment,2026-01-10,Completed,Must fall reduce occur film former nothing.
195,430,Training Session,2026-01-19,In Progress,
196,384,Safety Kit,2026-03-15,Pending,Arrive fear child structure north.
197,538,Maintenance Check,2026-04-20,Completed,Discover else somebody today situation can.
198,279,Training Session,2025-12-19,Completed,Sign the near change level or commercial bring.
199,520,Safety Kit,2025-09-28,Completed,
200,96,Safety Kit,2025-11-08,Pending,Day event state however effect street church.
201,168,Gas Detector Install,2025-09-18,Completed,
202,118,Maintenance Check,2026-02-22,Completed,
203,146,Subsidized Equipment,2025-09-19,Pending,Early page fall heart picture that officer.
204,463,Maintenance Check,2025-07-24,Completed,Buy particularly carry senior yet amount local.
205,151,Training Session,2026-04-20,Pending,
206,293,Gas Detector Install,2025-10-31,Completed,Address but control light beat production page reveal.
207,50,Subsidized Equipment,2026-04-18,Completed,
208,261,Training Session,2026-06-08,Completed,
209,465,Safety Kit,2026-05-24,Pending,Ability even develop.
210,408,Safety Kit,2025-10-04,Completed,Open look air then.
211,459,Gas Detector Install,2025-07-26,Rejected,
212,399,Subsidized Equipment,2025-07-27,Completed,Manager let very religious.
213,531,Safety Kit,2026-03-06,In Progress,
214,246,Maintenance Check,2026-06-03,Completed,
215,70,Maintenance Check,2025-11-17,Pending,
216,546,Safety Kit,2026-01-26,In Progress,
217,94,Subsidized Equipment,2025-09-04,Completed,Approach family interesting seven live.
218,476,Gas Detector Install,2026-04-22,Completed,
219,111,Subsidized Equipment,2025-09-08,Completed,
220,9,Safety Kit,2025-07-15,Completed,Civil performance require fish onto onto money.
221,181,Gas Detector Install,2026-04-01,Pending,President then grow read per deep.
222,94,Maintenance Check,2025-11-01,Completed,Thing interview law item.
223,534,Safety Kit,2026-03-16,Completed,
224,5,Gas Detector Install,2025-10-05,Completed,Hospital themselves office democratic.
225,66,Maintenance Check,2026-02-25,Completed,Me use without simply.
226,171,Gas Detector Install,2026-04-03,Pending,Form himself health history long.
227,436,Subsidized Equipment,2025-08-29,Pending,Control red art human goal.
228,283,Gas Detector Install,2026-04-28,In Progress,Card ahead hotel since nothing including including.
229,347,Safety Kit,2025-09-27,In Progress,
230,395,Subsidized Equipment,2026-05-29,In Progress,Drive heavy door myself sing operation figure decision.
231,255,Subsidized Equipment,2025-10-08,Completed,
232,513,Maintenance Check,2025-11-07,Pending,A big up professional again environmental front.
233,405,Maintenance Check,2025-06-27,Completed,
234,319,Gas Detector Install,2026-01-15,Pending,
235,395,Subsidized Equipment,2026-05-08,In Progress,Office nice collection fund represent contain.
236,199,Safety Kit,2026-05-28,Completed,
237,335,Gas Detector Install,2025-11-13,Completed,College if institution administration.
238,515,Gas Detector Install,2025-09-18,Rejected,Economy whatever wait none project spend.
239,400,Safety Kit,2025-11-17,Completed,Television friend then task employee.
240,40,Training Session,2026-05-22,Completed,Crime season worker him apply against record firm.
241,96,Safety Kit,2025-11-12,Completed,Sister natural ground really these.
242,418,Safety Kit,2025-08-22,Completed,
243,297,Safety Kit,2025-12-16,Completed,
244,41,Subsidized Equipment,2026-01-29,Completed,Although short her talk ready season sport.
245,170,Training Session,2025-11-27,Completed,Class difference team live success day make discuss.
246,369,Safety Kit,2025-11-13,Completed,Sign remember increase.
247,15,Subsidized Equipment,2026-02-10,Completed,
248,405,Gas Detector Install,2025-12-16,Completed,Of certain else.
249,203,Subsidized Equipment,2025-09-09,Completed,Rich sign some reflect service worry again.
250,234,Gas Detector Install,2025-07-29,Completed,
251,385,Training Session,2025-09-02,Completed,Sign gas control.
252,286,Maintenance Check,2026-05-24,Completed,Newspaper task them class.
253,205,Safety Kit,2025-08-29,Pending,
254,318,Training Session,2025-12-13,Completed,Card different become improve amount.
255,483,Training Session,2025-11-07,Completed,
256,438,Gas Detector Install,2025-07-02,Completed,Institution subject floor prepare.
257,105,Safety Kit,2025-11-11,Pending,
258,389,Maintenance Check,2026-01-13,Completed,
259,267,Subsidized Equipment,2025-08-06,Completed,Idea magazine less run.
260,473,Gas Detector Install,2025-09-04,Pending,Identify environmental lawyer last miss partner.
261,96,Safety Kit,2025-12-22,In Progress,Century just north box strong.
262,79,Safety Kit,2026-01-09,Completed,
263,508,Training Session,2025-11-29,Completed,
264,271,Maintenance Check,2025-12-18,Completed,Attorney music early.
265,497,Maintenance Check,2026-05-28,Completed,
266,20,Maintenance Check,2025-11-25,Completed,
267,210,Subsidized Equipment,2025-06-30,Completed,Poor year finish church wrong.
268,192,Training Session,2025-10-31,Completed,
269,45,Maintenance Check,2026-02-18,Completed,Box involve operation.
270,319,Gas Detector Install,2025-09-08,Completed,Half security money time listen.
271,339,Training Session,2025-12-16,Completed,Be if management any attention meet.
272,406,Training Session,2026-04-14,In Progress,Sport behavior analysis else along involve.
273,50,Safety Kit,2025-08-10,In Progress,Almost nearly exist yet way drop.
274,23,Gas Detector Install,2026-05-17,Completed,Weight foot do land road camera responsibility.
275,389,Maintenance Check,2025-08-29,Pending,Individual rate possible professional than sort represent.
276,238,Safety Kit,2025-08-24,Completed,Any audience skill never here try.
277,322,Subsidized Equipment,2026-02-08,Pending,
278,512,Subsidized Equipment,2025-06-29,Completed,Machine affect race career whole.
279,354,Gas Detector Install,2026-03-17,In Progress,
280,6,Gas Detector Install,2025-12-17,Completed,
281,299,Maintenance Check,2026-06-06,Completed,
282,218,Gas Detector Install,2026-03-27,Completed,Hundred recent never your officer.
283,510,Safety Kit,2025-11-07,Completed,
284,77,Gas Detector Install,2026-03-14,Completed,
285,53,Training Session,2025-11-19,Pending,Mind particular product place business.
286,23,Training Session,2026-06-17,Rejected,Dream hospital above.
287,250,Subsidized Equipment,2025-07-29,Completed,
288,140,Subsidized Equipment,2026-02-18,Completed,
289,191,Gas Detector Install,2026-01-04,Completed,Security even though natural blood various pick.
290,545,Subsidized Equipment,2025-11-20,In Progress,Somebody condition reach of.
291,453,Gas Detector Install,2025-10-10,In Progress,
292,448,Safety Kit,2026-06-06,Completed,Happy camera sense who.
293,336,Gas Detector Install,2025-12-29,Completed,
294,322,Gas Detector Install,2026-03-29,Completed,Whose international teach fill risk piece born rich.
295,220,Maintenance Check,2026-02-25,Pending,
296,153,Training Session,2026-03-02,Completed,
297,395,Training Session,2025-09-12,Pending,
298,350,Training Session,2025-09-13,Completed,Station old drug manager also economic.
299,318,Subsidized Equipment,2026-04-19,Completed,Become lawyer rule spend administration international.
300,251,Subsidized Equipment,2025-10-24,Completed,Success base social.
301,420,Training Session,2026-04-10,Completed,
302,355,Subsidized Equipment,2026-03-18,Pending,Beat ahead president it.
303,218,Safety Kit,2026-06-17,Pending,
304,129,Training Session,2025-12-25,Completed,
305,131,Maintenance Check,2025-12-30,Completed,
306,516,Subsidized Equipment,2025-11-18,Completed,
307,86,Gas Detector Install,2026-06-07,Completed,
308,507,Maintenance Check,2025-12-07,Pending,
309,228,Maintenance Check,2026-01-25,Pending,
310,531,Safety Kit,2026-06-22,In Progress,
311,178,Gas Detector Install,2026-05-07,Completed,Table throughout hospital safe generation.
312,518,Training Session,2026-04-29,Pending,
313,342,Safety Kit,2026-01-06,Completed,Billion resource card energy current keep.
314,248,Subsidized Equipment,2026-01-25,Completed,
315,382,Subsidized Equipment,2026-01-14,Completed,Else ok group leg write majority.
316,451,Safety Kit,2025-07-31,Completed,
317,416,Training Session,2025-12-26,Completed,Thing hot new watch job cold.
318,449,Subsidized Equipment,2025-11-25,Completed,None defense executive require one conference political.
319,301,Gas Detector Install,2026-01-03,Completed,Million American tax some.
320,431,Training Session,2026-01-05,Completed,Easy Republican big participant test.
321,516,Subsidized Equipment,2025-07-12,Completed,General glass tax stage bed call.
322,7,Training Session,2025-07-10,Completed,Measure vote others garden traditional consider either.
323,165,Subsidized Equipment,2026-02-22,Completed,Her anyone generation record we summer.
324,154,Gas Detector Install,2025-11-18,Pending,Police debate job join fear approach move.
325,167,Maintenance Check,2026-04-06,Completed,Job camera continue political fine kitchen second.
326,539,Training Session,2026-01-15,In Progress,
327,179,Safety Kit,2026-04-02,Completed,Mention matter north energy.
328,1,Gas Detector Install,2026-01-28,In Progress,East light north appear.
329,170,Subsidized Equipment,2026-02-21,In Progress,Crime beautiful however.
330,295,Training Session,2025-10-02,Completed,Accept specific everybody last.
331,346,Safety Kit,2025-08-15,Completed,
332,165,Safety Kit,2026-04-10,Completed,Find site raise card give personal.
333,333,Gas Detector Install,2025-07-13,Rejected,Their matter trip be.
334,141,Subsidized Equipment,2025-07-04,In Progress,
335,216,Gas Detector Install,2026-01-29,Completed,Skill soon figure wall reality customer forget.
336,361,Training Session,2025-10-27,Pending,Like third trouble.
337,498,Training Session,2026-05-28,Completed,Skill anyone respond east institution determine action.
338,10,Safety Kit,2026-05-28,Completed,
339,376,Training Session,2025-11-19,Completed,
340,466,Maintenance Check,2025-09-03,Completed,
341,352,Maintenance Check,2025-10-25,Pending,Color attention allow between sport not.
342,385,Safety Kit,2025-09-14,Completed,
343,159,Gas Detector Install,2025-08-17,Completed,Pm something discussion occur television.
344,153,Gas Detector Install,2026-01-29,Completed,Day specific across population price themselves current.
345,429,Subsidized Equipment,2025-07-23,Completed,Traditional full rest person class analysis.
346,512,Subsidized Equipment,2025-10-16,Completed,Quickly draw but write myself summer.
347,383,Training Session,2025-09-28,Completed,
348,433,Gas Detector Install,2025-11-06,Completed,Citizen word realize again.
349,347,Maintenance Check,2026-03-10,Completed,Protect again son physical purpose just particularly.
350,306,Safety Kit,2025-08-06,Completed,
351,409,Safety Kit,2026-05-23,In Progress,
352,408,Training Session,2025-06-25,In Progress,
353,98,Safety Kit,2025-12-08,Completed,Lawyer finally conference between happy modern.
354,304,Gas Detector Install,2025-08-17,Completed,
355,411,Subsidized Equipment,2026-04-16,Pending,
356,486,Training Session,2025-10-29,Completed,
357,520,Maintenance Check,2026-06-04,Completed,Finish food try least girl accept degree theory.
358,314,Training Session,2026-01-14,Completed,
359,180,Training Session,2025-08-09,Completed,
360,54,Gas Detector Install,2025-08-24,Completed,
361,304,Training Session,2025-09-01,Completed,
362,97,Subsidized Equipment,2025-09-22,Completed,
363,440,Safety Kit,2025-07-13,Completed,
364,139,Training Session,2025-12-13,Completed,Also customer kid control among clearly.
365,421,Safety Kit,2026-05-11,Completed,
366,229,Subsidized Equipment,2026-04-10,Completed,Positive rise rich might image after image.
367,265,Subsidized Equipment,2025-07-24,Completed,
368,191,Gas Detector Install,2026-03-30,Rejected,Recent risk physical until.
369,394,Maintenance Check,2025-11-17,Completed,Generation sell opportunity free down this investment.
370,96,Training Session,2026-02-24,Pending,
371,182,Gas Detector Install,2025-08-30,In Progress,
372,305,Training Session,2026-05-22,Completed,
373,174,Gas Detector Install,2025-07-12,In Progress,Anyone argue kid prove attorney choice.
374,156,Maintenance Check,2026-02-13,Completed,
375,275,Subsidized Equipment,2026-02-24,Rejected,Throughout value structure when.
376,182,Training Session,2025-07-05,Completed,Cell discuss low fall enjoy almost American build.
377,99,Safety Kit,2025-08-10,Completed,Again state present happen.
378,130,Gas Detector Install,2026-06-18,Completed,
379,383,Maintenance Check,2025-11-15,In Progress,Success add final Congress.
380,352,Training Session,2026-04-27,Completed,Do for new government several another.
381,503,Maintenance Check,2025-07-20,Pending,
382,470,Safety Kit,2026-04-04,In Progress,
383,245,Safety Kit,2026-03-21,Completed,Trip than guy campaign part life piece.
384,7,Subsidized Equipment,2025-09-21,Completed,
385,241,Maintenance Check,2026-03-23,Completed,
386,450,Safety Kit,2025-12-06,In Progress,Manager matter author company decide four.
387,411,Training Session,2025-08-29,Pending,
388,231,Gas Detector Install,2025-08-16,Completed,
389,217,Training Session,2025-08-12,Completed,Claim ahead tell coach couple oil particular.
390,86,Training Session,2025-06-30,Completed,
391,316,Training Session,2026-05-06,Completed,
392,37,Subsidized Equipment,2026-03-17,Rejected,Represent thank mind security pull onto deal.
393,470,Training Session,2026-02-05,Pending,
394,479,Safety Kit,2025-10-07,Pending,Window bad me popular both most.
395,527,Training Session,2026-06-14,In Progress,Win cold cold line require writer significant.
396,399,Maintenance Check,2026-01-13,Completed,
397,165,Safety Kit,2025-12-28,Completed,
398,44,Subsidized Equipment,2025-12-24,Completed,
399,514,Maintenance Check,2026-04-25,Completed,
400,184,Safety Kit,2025-10-19,Pending,Look natural general.
401,427,Safety Kit,2025-12-16,Pending,As two your fly even.
402,231,Maintenance Check,2026-02-10,Completed,Campaign hundred clear difficult hear of star affect.
403,390,Gas Detector Install,2025-09-30,Completed,
404,442,Subsidized Equipment,2026-02-04,Pending,Catch rich learn how name hospital.
405,235,Safety Kit,2026-02-27,Completed,Body report over major early college deal.
406,408,Training Session,2026-05-20,Rejected,Drug language carry.
407,228,Safety Kit,2026-01-18,Rejected,
408,42,Gas Detector Install,2025-08-09,Completed,Toward glass of recent activity during color debate.
409,283,Subsidized Equipment,2026-02-09,Completed,Learn generation capital main effect scientist.
410,390,Safety Kit,2025-10-20,Completed,Structure machine produce later politics.
411,347,Subsidized Equipment,2026-03-14,Pending,
412,193,Gas Detector Install,2025-08-02,Completed,Already two price dream unit buy individual.
413,402,Training Session,2026-03-20,Pending,
414,43,Subsidized Equipment,2026-04-14,Completed,
415,336,Subsidized Equipment,2026-04-14,In Progress,
416,539,Gas Detector Install,2026-06-07,Completed,Subject never knowledge forward three tell teach fish.
417,283,Gas Detector Install,2026-02-26,In Progress,
418,413,Maintenance Check,2025-12-26,Pending,Itself often large prevent side.
419,306,Training Session,2025-08-14,Rejected,
420,110,Gas Detector Install,2025-11-29,In Progress,
421,191,Subsidized Equipment,2026-06-17,Rejected,Among consumer trade defense degree.
422,148,Gas Detector Install,2026-03-25,Completed,Six appear consumer box prove away important.
423,185,Safety Kit,2025-11-01,Completed,Wife maybe impact physical this beyond city.
424,98,Maintenance Check,2026-04-23,Completed,Think organization wrong miss more reason development trouble.
425,151,Training Session,2025-10-31,Completed,
426,157,Subsidized Equipment,2025-09-05,Pending,
427,381,Gas Detector Install,2026-05-09,Rejected,
428,328,Safety Kit,2025-10-01,Completed,
429,481,Maintenance Check,2026-03-10,Completed,
430,337,Training Session,2025-09-15,Completed,
431,73,Safety Kit,2025-09-26,Completed,Year society civil expect value majority budget.
432,343,Safety Kit,2025-11-06,Pending,Crime answer mention use lead learn.
433,93,Subsidized Equipment,2026-01-15,Completed,
434,288,Subsidized Equipment,2026-06-23,Completed,
435,431,Safety Kit,2025-10-03,In Progress,Teacher use center ahead program.
436,149,Training Session,2026-05-30,Completed,Some teacher find everyone gun.
437,210,Safety Kit,2025-12-11,Completed,Dinner yes financial enough.
438,532,Safety Kit,2026-03-19,Rejected,
439,268,Subsidized Equipment,2025-09-11,In Progress,Safe another spring very call go officer.
440,138,Gas Detector Install,2025-09-04,Completed,College study now.
441,203,Subsidized Equipment,2025-11-23,Completed,Identify past discover standard.
442,26,Subsidized Equipment,2025-11-26,Completed,Relate because become offer owner later popular.
443,449,Gas Detector Install,2025-08-17,Completed,Simple break natural example impact brother traditional cultural.
444,512,Gas Detector Install,2026-02-24,Pending,
445,144,Gas Detector Install,2025-10-22,Completed,
446,65,Gas Detector Install,2025-07-02,Completed,Wall wife parent.
447,81,Gas Detector Install,2025-08-06,Completed,
448,404,Maintenance Check,2026-05-03,Completed,Watch imagine your our score arrive amount.
449,314,Gas Detector Install,2025-08-15,Completed,
450,178,Training Session,2026-02-08,Completed,Building issue heart night commercial green player.
451,413,Subsidized Equipment,2025-09-08,Completed,
452,183,Safety Kit,2025-07-09,Completed,
453,475,Maintenance Check,2026-06-10,Pending,
454,47,Safety Kit,2026-06-16,Completed,Your use always begin agree large.
455,141,Safety Kit,2025-08-29,Pending,
456,1,Gas Detector Install,2026-05-22,Completed,Game couple course page.
457,333,Gas Detector Install,2026-03-08,In Progress,
458,253,Training Session,2026-04-05,Completed,Foot performance meeting summer pressure event treatment white.
459,47,Subsidized Equipment,2026-04-26,Completed,
460,387,Safety Kit,2026-04-29,Completed,Behind area position where among maybe.
461,506,Maintenance Check,2025-07-02,Completed,
462,217,Maintenance Check,2026-01-26,Completed,Sit too possible able remember enter other.
463,150,Training Session,2026-01-02,Completed,
464,106,Maintenance Check,2025-09-26,Completed,
465,465,Training Session,2025-07-27,Completed,
466,366,Safety Kit,2026-03-15,Completed,
467,311,Maintenance Check,2025-11-23,In Progress,Certain bring draw end service.
468,524,Subsidized Equipment,2026-02-12,Completed,Parent tell support vote mean study require.
469,368,Subsidized Equipment,2026-01-14,Completed,Source board former wind charge.
470,71,Maintenance Check,2026-01-08,Completed,Which course be picture executive.
471,130,Subsidized Equipment,2026-05-06,Completed,
472,347,Safety Kit,2025-12-04,In Progress,Wonder at story station civil hotel add.
473,220,Maintenance Check,2025-10-26,Rejected,Power identify drive actually.
474,320,Safety Kit,2026-06-23,Completed,
475,378,Gas Detector Install,2025-10-02,Pending,Store structure ready something cut.
476,394,Maintenance Check,2025-06-28,Pending,Two must matter.
477,281,Maintenance Check,2026-06-01,Pending,
478,219,Subsidized Equipment,2025-07-01,Completed,
479,453,Maintenance Check,2025-09-09,Completed,
480,263,Safety Kit,2026-02-27,In Progress,
481,333,Subsidized Equipment,2026-04-16,Completed,Build recognize information front war between mouth according.
482,122,Subsidized Equipment,2026-03-11,Completed,
483,523,Training Session,2025-09-27,Completed,
484,279,Training Session,2025-11-30,Pending,Order particular federal store.
485,291,Subsidized Equipment,2025-08-30,Completed,
486,373,Training Session,2026-04-17,Completed,Defense exist pattern benefit.
487,197,Maintenance Check,2025-10-13,Completed,
488,279,Safety Kit,2026-02-13,Pending,Benefit chance agree final factor.
489,87,Gas Detector Install,2025-12-17,Completed,
490,122,Maintenance Check,2025-10-08,Pending,
491,182,Gas Detector Install,2025-07-31,Completed,Play pull tax indeed.
492,48,Safety Kit,2026-01-02,Completed,
493,181,Training Session,2025-10-23,Completed,Common not art two.
494,467,Training Session,2025-10-16,Pending,Act every cup future amount senior beat.
495,223,Gas Detector Install,2026-01-13,Completed,After respond somebody fill good difficult.
496,216,Training Session,2026-03-28,Completed,
497,259,Subsidized Equipment,2025-06-30,Completed,
498,306,Training Session,2026-03-05,Completed,
499,416,Subsidized Equipment,2025-08-06,Completed,Project increase six happen film them high.
500,107,Safety Kit,2026-06-09,Completed,Cold theory father series executive question development.
501,53,Safety Kit,2025-09-28,Completed,Should culture half identify offer.
502,57,Training Session,2025-11-12,Completed,
503,413,Maintenance Check,2025-09-02,Completed,
504,460,Subsidized Equipment,2026-06-17,Completed,Find tough store education standard data.
505,461,Training Session,2025-10-02,Completed,Degree line various.
506,262,Subsidized Equipment,2026-03-24,Completed,Or court present sport government store respond.
507,280,Gas Detector Install,2025-08-28,Completed,Box walk question keep bag represent.
508,287,Maintenance Check,2026-02-14,Completed,
509,496,Subsidized Equipment,2026-03-05,Pending,Miss offer need also need.
510,183,Subsidized Equipment,2025-11-08,Pending,
511,528,Training Session,2025-11-21,Completed,Appear become answer some determine however stand art.
512,244,Training Session,2025-09-19,Completed,
513,408,Gas Detector Install,2025-10-11,Completed,
514,421,Maintenance Check,2026-04-07,Completed,Community population bad green both.
515,1,Training Session,2025-07-16,Completed,Set day fine drive fact.
516,402,Safety Kit,2025-09-26,Completed,I better study star plan.
517,515,Maintenance Check,2025-07-21,Completed,Piece program third economy where these.
518,366,Subsidized Equipment,2025-06-30,Completed,
519,542,Subsidized Equipment,2026-06-25,Completed,Interview lose specific scientist look fly.
520,169,Safety Kit,2026-06-08,Pending,
521,385,Maintenance Check,2025-10-10,Rejected,
522,183,Gas Detector Install,2025-07-15,Completed,Allow quickly where imagine common heavy three.
523,496,Safety Kit,2026-02-22,Completed,
524,119,Subsidized Equipment,2026-02-16,Completed,
525,132,Maintenance Check,2026-04-13,Completed,Guy alone free this data movement.
526,479,Subsidized Equipment,2026-02-23,Completed,Home more final everything how any.
527,71,Subsidized Equipment,2026-05-02,In Progress,Imagine bag whether I allow time.
528,482,Safety Kit,2026-02-03,Completed,Now model sing process painting game.
529,123,Training Session,2026-03-11,Rejected,New pressure than leader begin.
530,419,Gas Detector Install,2026-01-03,Completed,Down purpose them meeting difficult although leave.
531,469,Gas Detector Install,2026-03-13,Rejected,
532,253,Subsidized Equipment,2025-08-23,Pending,
533,159,Training Session,2025-10-23,Pending,When likely sit all.
534,401,Training Session,2025-07-19,Rejected,Generation stay end what part commercial story finish.
535,446,Maintenance Check,2025-08-11,In Progress,Idea however medical newspaper see short voice painting.
536,158,Subsidized Equipment,2026-01-20,Completed,Modern study through usually relate painting.
537,234,Gas Detector Install,2025-06-28,Completed,Bank lose high friend expert.
538,252,Subsidized Equipment,2026-05-26,In Progress,
539,490,Maintenance Check,2025-11-26,Completed,
540,486,Gas Detector Install,2025-11-13,Rejected,
541,431,Maintenance Check,2025-12-23,Completed,Care never include word analysis.
542,457,Training Session,2026-03-21,Completed,Factor company citizen debate security up radio fact.
543,106,Maintenance Check,2026-05-12,Completed,Success state they apply what.
544,124,Subsidized Equipment,2026-04-25,In Progress,Whatever contain modern second strong probably project.
545,307,Maintenance Check,2026-02-12,Completed,Become because song exist father kid throw small.
546,417,Safety Kit,2026-01-09,Completed,Wall to he.
547,297,Gas Detector Install,2025-11-26,Rejected,Adult station reason scene key personal.
548,92,Safety Kit,2025-08-29,Pending,Character fine pick major evidence.
549,240,Safety Kit,2026-04-12,Completed,Paper commercial too left million.
550,299,Maintenance Check,2025-07-14,Completed,Simple hand easy force skin office.
551,160,Gas Detector Install,2025-09-14,Completed,And pick citizen war fine owner action.
552,365,Safety Kit,2026-05-01,Completed,Dinner likely worry.
553,451,Subsidized Equipment,2025-09-26,Completed,Notice beyond policy data.
554,373,Gas Detector Install,2026-06-24,Completed,Article baby fine open.
555,138,Maintenance Check,2025-11-08,Completed,
556,405,Maintenance Check,2025-08-30,Completed,American impact nearly might stage idea operation.
557,497,Training Session,2025-08-22,Completed,
558,329,Subsidized Equipment,2026-01-10,Rejected,Executive let question science hair soon.
559,79,Safety Kit,2025-12-21,Completed,Whatever still including yet take.
560,170,Safety Kit,2025-11-05,Completed,Either protect main matter.
561,37,Safety Kit,2025-12-29,Completed,Power require fall stock ten laugh.
562,515,Maintenance Check,2025-12-25,In Progress,Cut determine people north alone you play.
563,304,Training Session,2026-04-10,Completed,Eat magazine take ahead week difficult.
564,89,Gas Detector Install,2025-07-28,Completed,
565,313,Maintenance Check,2025-12-13,Completed,
566,234,Subsidized Equipment,2026-06-23,Completed,Claim when religious yard.
567,446,Gas Detector Install,2025-06-28,Completed,Speech make expert require.
568,340,Subsidized Equipment,2026-06-22,Completed,
569,164,Maintenance Check,2025-08-08,Completed,
570,35,Maintenance Check,2025-07-28,Completed,
571,306,Training Session,2026-02-19,In Progress,
572,126,Training Session,2025-07-27,Completed,Administration space high arm talk system.
573,431,Gas Detector Install,2025-11-24,Completed,
574,232,Subsidized Equipment,2026-01-24,In Progress,Reduce around never again.
575,541,Subsidized Equipment,2026-01-06,Completed,Letter performance have firm look.
576,81,Safety Kit,2026-05-08,Completed,Wonder form production leg teacher animal.
577,493,Gas Detector Install,2026-04-19,Completed,
578,412,Maintenance Check,2026-01-15,Rejected,
579,69,Training Session,2025-12-24,Completed,Manager former hotel game.
580,443,Safety Kit,2025-09-12,Completed,Newspaper mother end population wind.
581,549,Safety Kit,2026-06-19,Completed,
582,320,Subsidized Equipment,2025-08-27,Completed,
583,449,Safety Kit,2026-06-09,Completed,Drive market question but.
584,59,Training Session,2025-08-21,Completed,
585,360,Gas Detector Install,2026-01-26,Completed,Born true base protect.
586,307,Maintenance Check,2025-10-25,Completed,
587,399,Subsidized Equipment,2025-07-23,Completed,
588,290,Training Session,2025-06-26,Rejected,Smile somebody professional here.
589,164,Subsidized Equipment,2026-04-21,Completed,
590,360,Subsidized Equipment,2025-07-26,Rejected,
591,419,Subsidized Equipment,2026-06-15,In Progress,Down network single.
592,175,Safety Kit,2026-01-29,Completed,
593,29,Training Session,2025-09-05,Completed,
594,489,Maintenance Check,2025-08-26,Completed,
595,121,Gas Detector Install,2026-01-20,In Progress,Increase nothing coach.
596,30,Maintenance Check,2026-03-02,In Progress,
597,275,Maintenance Check,2026-02-10,Completed,
598,413,Gas Detector Install,2026-02-17,In Progress,
599,296,Training Session,2025-10-15,Completed,
600,114,Training Session,2026-04-27,Pending,Cold season believe single range she dog.
601,174,Training Session,2025-09-22,Completed,Yourself begin weight talk ago risk.
602,50,Gas Detector Install,2025-10-29,In Progress,
603,303,Subsidized Equipment,2026-01-20,Completed,Term quality step author.
604,198,Subsidized Equipment,2025-11-03,Pending,
605,104,Training Session,2026-03-31,Completed,
606,374,Gas Detector Install,2026-02-01,In Progress,
607,189,Gas Detector Install,2026-06-13,In Progress,World old little quality pay catch.
608,462,Subsidized Equipment,2025-07-06,Pending,Third family visit.
609,309,Training Session,2026-05-19,Completed,Above specific really either tree order.
610,456,Subsidized Equipment,2025-10-11,Completed,Control environmental director and.
611,180,Safety Kit,2026-03-12,Completed,
612,324,Training Session,2026-04-30,Completed,Interesting doctor benefit down increase world.
613,464,Gas Detector Install,2025-10-02,Completed,With particular eat number how.
614,149,Training Session,2025-09-12,Completed,When lead decade.
615,194,Gas Detector Install,2025-10-09,Completed,
616,435,Safety Kit,2025-08-18,Completed,
617,362,Safety Kit,2026-05-12,Pending,Central music white major young perhaps defense ago.
618,104,Subsidized Equipment,2025-12-11,Pending,Measure bring somebody increase entire spring kind.
619,135,Safety Kit,2025-10-03,Rejected,
620,32,Maintenance Check,2026-02-28,Completed,Same paper from left century because beyond energy.
621,30,Safety Kit,2025-12-05,Completed,Glass with hard response economy culture language.
622,59,Maintenance Check,2026-05-04,Completed,Story economy action could focus require throw.
623,265,Training Session,2025-09-12,Completed,
624,272,Safety Kit,2026-01-31,Completed,
625,280,Subsidized Equipment,2026-03-18,Completed,
626,153,Maintenance Check,2025-07-27,Completed,
627,447,Training Session,2026-01-29,Rejected,Tv dinner room argue course each.
628,514,Subsidized Equipment,2026-06-12,Completed,
629,327,Safety Kit,2025-12-13,Completed,Gun policy hospital message week through.
630,205,Safety Kit,2025-10-13,In Progress,
631,457,Subsidized Equipment,2025-08-04,Completed,
632,66,Safety Kit,2026-06-05,Completed,Bill unit game machine husband although old.
633,68,Gas Detector Install,2025-08-09,Rejected,Adult deal beyond catch thought huge appear claim.
634,159,Safety Kit,2026-04-14,Completed,College discuss drop cause same sell.
635,293,Training Session,2025-10-22,Completed,
636,457,Subsidized Equipment,2025-08-09,Pending,Six owner offer ten although outside approach.
637,547,Training Session,2026-01-28,Completed,
638,405,Gas Detector Install,2025-07-03,Completed,Song believe reflect stock my increase actually.
639,161,Safety Kit,2026-03-07,Completed,
640,505,Maintenance Check,2025-12-20,Pending,
641,426,Safety Kit,2025-08-20,Completed,
642,441,Subsidized Equipment,2026-03-03,Completed,
643,157,Maintenance Check,2025-09-25,Completed,
644,297,Maintenance Check,2025-07-04,Completed,
645,455,Maintenance Check,2025-12-18,Completed,
646,359,Subsidized Equipment,2025-11-27,Completed,Thousand visit series life.
647,549,Subsidized Equipment,2025-09-02,Pending,
648,183,Safety Kit,2025-11-28,Pending,People fund report health.
649,43,Training Session,2026-02-17,Completed,
650,209,Gas Detector Install,2026-01-31,Completed,Will network PM scientist.
651,446,Safety Kit,2026-01-03,Completed,Reach feeling record total.
652,426,Training Session,2026-05-09,Completed,Evening firm tax protect once strategy should fish.
653,405,Gas Detector Install,2025-10-27,Completed,Country food former stock line every actually.
654,448,Maintenance Check,2026-04-15,Pending,
655,371,Maintenance Check,2025-10-08,In Progress,
656,108,Training Session,2026-05-25,Completed,Economic international field moment near full.
657,69,Maintenance Check,2025-10-07,Completed,Interest follow raise.
658,123,Safety Kit,2026-03-08,Rejected,Seat will table stage.
659,448,Subsidized Equipment,2025-11-24,Completed,Character everybody prove trial happy possible billion decade.
660,282,Subsidized Equipment,2025-12-01,Pending,Turn might instead trip.
661,366,Subsidized Equipment,2026-03-30,In Progress,
662,415,Training Session,2025-08-27,Completed,
663,352,Gas Detector Install,2026-02-18,Rejected,Continue scientist government play buy measure member.
664,59,Training Session,2025-09-27,Completed,Protect significant new along his sort field provide.
665,428,Gas Detector Install,2025-12-10,Completed,
666,548,Maintenance Check,2026-06-01,Completed,
667,467,Safety Kit,2026-05-06,Completed,
668,2,Training Session,2026-01-27,Completed,Movement member see contain sister future.
669,511,Safety Kit,2026-01-20,Completed,Morning onto apply particularly believe establish.
670,330,Gas Detector Install,2025-12-26,Completed,
671,195,Training Session,2025-09-28,Completed,
672,449,Gas Detector Install,2026-06-23,Completed,
673,305,Training Session,2025-12-26,Completed,There among then note away success capital child.
674,50,Subsidized Equipment,2025-08-06,Completed,
675,318,Training Session,2026-06-13,Completed,Per send north speak anyone.
676,264,Maintenance Check,2025-12-18,Completed,Day worker environmental soon whether.
677,369,Safety Kit,2026-03-19,Rejected,
678,4,Gas Detector Install,2025-12-18,Completed,After determine wait.
679,3,Maintenance Check,2025-09-11,Completed,
680,182,Subsidized Equipment,2026-03-30,Completed,Material attention finally the indicate edge order.
681,295,Maintenance Check,2025-12-16,Rejected,Here smile Republican fall baby politics run.
682,326,Training Session,2025-07-19,Completed,Other maybe win daughter perform lawyer professional.
683,196,Training Session,2025-09-13,In Progress,Control person fight decision market.
684,499,Gas Detector Install,2025-12-07,Completed,
685,430,Gas Detector Install,2026-02-19,In Progress,
686,355,Gas Detector Install,2025-09-13,Completed,
687,374,Safety Kit,2025-08-25,In Progress,Direction discussion town market expect stock.
688,534,Safety Kit,2025-10-07,Completed,Start these employee station light.
689,99,Maintenance Check,2026-04-06,Completed,Capital away discuss.
690,47,Maintenance Check,2025-08-17,Rejected,
691,493,Gas Detector Install,2025-11-04,Completed,
692,83,Subsidized Equipment,2025-12-25,Completed,Try employee artist reason gun turn.
693,15,Maintenance Check,2025-09-29,In Progress,Day site week whose me.
694,162,Training Session,2026-03-10,Completed,Scientist human such.
695,204,Training Session,2025-08-12,Completed,Religious standard mean crime so practice.
696,454,Subsidized Equipment,2026-05-03,Completed,Peace expect nature brother toward choose.
697,98,Training Session,2025-11-25,Completed,Knowledge his same choice Mr well.
698,549,Gas Detector Install,2026-02-04,Rejected,
699,550,Safety Kit,2026-01-26,Completed,Party stock huge while personal check.
700,179,Training Session,2025-11-06,Completed,
701,258,Subsidized Equipment,2025-07-08,Pending,
702,58,Safety Kit,2026-04-29,Completed,Amount worry value really amount resource.
703,504,Maintenance Check,2025-11-16,Completed,Summer weight young still.
704,36,Safety Kit,2025-11-01,Pending,Use personal pass.
705,77,Maintenance Check,2026-06-19,In Progress,
706,364,Maintenance Check,2026-02-15,Completed,Put certain clearly friend investment want very.
707,435,Safety Kit,2025-07-04,Pending,
708,521,Maintenance Check,2025-08-13,Completed,Station future bring give raise develop.
709,430,Subsidized Equipment,2025-08-30,Pending,Nature similar decision hospital office.
710,178,Training Session,2025-08-17,Completed,
711,150,Gas Detector Install,2025-10-29,Completed,
712,38,Gas Detector Install,2025-07-20,Completed,Leg account month ever model.
713,513,Safety Kit,2025-08-10,Pending,Adult what catch act.
714,147,Gas Detector Install,2025-10-18,Completed,Difference value commercial.
715,181,Maintenance Check,2025-10-01,Pending,Range behind yes citizen culture four.
716,187,Safety Kit,2025-12-26,Completed,Pm best dog also direction determine.
717,227,Maintenance Check,2026-02-25,Completed,
718,517,Subsidized Equipment,2025-08-19,Completed,Rich any in.
719,183,Subsidized Equipment,2025-10-31,Completed,
720,259,Maintenance Check,2025-12-12,In Progress,Leave traditional involve everyone.
721,292,Subsidized Equipment,2026-01-31,Completed,Hospital follow vote discussion every.
722,129,Safety Kit,2025-12-09,Completed,Section interview yourself.
723,109,Training Session,2026-01-25,In Progress,Now cause cause include population world cost.
724,39,Safety Kit,2025-10-15,Completed,
725,311,Maintenance Check,2025-12-12,Completed,
726,128,Safety Kit,2025-09-07,Completed,Guy carry miss series compare.
727,53,Maintenance Check,2025-08-08,Completed,
728,388,Safety Kit,2026-01-09,Completed,Employee relate rest out war.
729,387,Maintenance Check,2025-11-17,Completed,
730,140,Training Session,2026-06-18,In Progress,
731,428,Subsidized Equipment,2025-09-12,Completed,Claim the sell college stop list.
732,466,Safety Kit,2026-03-19,Completed,Point child state far ground include.
733,13,Subsidized Equipment,2026-03-15,Completed,
734,442,Safety Kit,2025-11-25,Completed,
735,212,Safety Kit,2026-02-24,Pending,Simply miss standard sure.
736,470,Gas Detector Install,2026-01-23,In Progress,Break ability notice idea others could stock past.
737,346,Subsidized Equipment,2026-04-26,In Progress,
738,470,Safety Kit,2026-03-27,Completed,
739,324,Training Session,2025-09-20,Completed,
740,541,Gas Detector Install,2025-10-28,Completed,Involve share control food.
741,458,Subsidized Equipment,2025-11-15,Completed,
742,205,Training Session,2025-12-07,Completed,Herself serve career month natural candidate.
743,187,Subsidized Equipment,2026-02-19,In Progress,
744,368,Maintenance Check,2026-05-04,Completed,Charge success them word figure conference recent.
745,419,Training Session,2026-01-07,Completed,Particularly somebody trip mother voice collection exactly.
746,56,Maintenance Check,2025-09-07,Pending,Small form defense lay level pick young chair.
747,442,Maintenance Check,2025-08-17,Completed,
748,205,Safety Kit,2025-10-26,Completed,Lot fire score service.
749,138,Training Session,2025-08-08,Completed,
750,154,Maintenance Check,2026-05-10,In Progress,Use wish issue prepare strategy member act.
751,429,Gas Detector Install,2026-01-28,Completed,After other must month.
752,399,Training Session,2025-07-28,Pending,
753,478,Maintenance Check,2026-03-15,Completed,Now response least series marriage.
754,366,Gas Detector Install,2025-07-05,Completed,
755,330,Safety Kit,2026-03-11,In Progress,Republican watch serve back plan.
756,474,Training Session,2026-03-13,Pending,Single white behind player different some art same.
757,121,Gas Detector Install,2025-11-12,In Progress,
758,203,Training Session,2026-05-03,Completed,Theory population fight behind party save too.
759,444,Safety Kit,2026-05-21,Completed,
760,508,Safety Kit,2026-06-15,Completed,Take open land by travel.
761,133,Gas Detector Install,2025-09-04,Completed,Local until effort worry individual.
762,500,Training Session,2025-10-19,Rejected,
763,447,Subsidized Equipment,2025-09-07,Completed,Leg each product almost onto majority.
764,247,Training Session,2026-05-01,Completed,
765,481,Subsidized Equipment,2026-05-10,Completed,His during huge write that everything.
766,395,Gas Detector Install,2026-03-26,Completed,Condition itself tend none trial hand major.
767,397,Gas Detector Install,2026-04-15,Completed,
768,550,Gas Detector Install,2026-05-30,In Progress,
769,398,Maintenance Check,2025-09-20,Completed,
770,319,Maintenance Check,2025-07-08,Completed,Less race provide miss.
771,528,Gas Detector Install,2025-12-15,In Progress,
772,339,Subsidized Equipment,2025-09-15,Completed,
773,208,Subsidized Equipment,2025-12-09,Completed,
774,210,Safety Kit,2025-10-25,Pending,
775,42,Gas Detector Install,2026-03-20,Completed,
776,246,Training Session,2026-04-08,Completed,Me positive Mr tree station.
777,457,Training Session,2026-06-01,Completed,
778,7,Gas Detector Install,2026-04-14,Completed,
779,76,Subsidized Equipment,2025-09-08,Completed,
780,177,Training Session,2025-07-01,Pending,
781,107,Maintenance Check,2025-09-11,Completed,
782,54,Subsidized Equipment,2025-09-20,Completed,
783,482,Maintenance Check,2026-04-07,Completed,
784,545,Subsidized Equipment,2026-02-17,Completed,Condition capital southern mother every.
785,360,Subsidized Equipment,2025-11-21,Completed,
786,528,Gas Detector Install,2025-11-30,Completed,
787,218,Maintenance Check,2026-04-06,Rejected,Important price Mr will forward.
788,157,Training Session,2025-07-07,Completed,
789,489,Maintenance Check,2026-01-10,Pending,
790,52,Safety Kit,2025-07-03,Completed,Dream film light ball above provide how.
791,462,Maintenance Check,2025-09-29,Completed,
792,368,Subsidized Equipment,2025-12-07,Completed,
793,385,Subsidized Equipment,2025-11-16,Pending,
794,200,Subsidized Equipment,2026-03-15,Pending,Tree how explain person human view technology.
795,540,Gas Detector Install,2026-03-11,Pending,Example defense cause break third your day.
796,265,Safety Kit,2026-04-13,Completed,
797,169,Safety Kit,2026-03-06,Completed,
798,363,Gas Detector Install,2025-06-28,Completed,
799,505,Training Session,2025-10-16,Completed,Receive money system truth recent nature evidence bag.
800,147,Safety Kit,2025-09-16,Completed,Learn sense society some issue.
801,495,Subsidized Equipment,2025-12-11,Completed,Speech billion cause get also.
802,25,Training Session,2026-03-03,In Progress,
803,523,Training Session,2026-04-27,Completed,Most citizen threat view past.
804,114,Gas Detector Install,2026-06-13,Completed,
805,125,Gas Detector Install,2026-05-09,Completed,
806,464,Safety Kit,2025-08-10,Completed,Quickly drug other act process letter television really.
807,531,Safety Kit,2026-03-23,Completed,
808,518,Gas Detector Install,2025-09-27,Completed,
809,514,Safety Kit,2026-03-03,Completed,Industry thing world Democrat page without believe.
810,217,Training Session,2026-05-17,Completed,Security growth rock daughter keep.
811,257,Training Session,2025-07-29,Completed,
812,154,Safety Kit,2025-12-22,Completed,
813,160,Safety Kit,2025-10-20,Pending,Social we identify physical whose drop.
814,264,Training Session,2025-07-13,Completed,Draw individual follow son color.
815,243,Gas Detector Install,2025-09-25,Completed,
816,91,Subsidized Equipment,2026-01-03,Rejected,
817,368,Safety Kit,2025-08-30,Completed,Cell interesting capital just develop career always.
818,134,Safety Kit,2025-08-19,Completed,
819,291,Gas Detector Install,2025-06-28,Pending,Range power money lawyer.
820,43,Safety Kit,2026-05-04,Rejected,
821,86,Gas Detector Install,2026-06-06,Completed,
822,367,Maintenance Check,2026-05-15,Completed,
823,306,Maintenance Check,2026-06-21,Pending,Design country truth she.
824,362,Subsidized Equipment,2025-07-31,Completed,Once season town image paper remain vote.
825,486,Subsidized Equipment,2025-12-12,Completed,
826,423,Subsidized Equipment,2026-02-26,Completed,
827,10,Training Session,2025-09-25,In Progress,
828,119,Subsidized Equipment,2025-11-06,Completed,
829,137,Subsidized Equipment,2025-12-09,Completed,
830,326,Training Session,2025-11-26,Completed,Health man factor clear no.
831,69,Safety Kit,2025-09-27,Pending,Happen hand because seven society successful.
832,386,Safety Kit,2025-08-31,Rejected,Go appear condition use.
833,429,Safety Kit,2025-11-09,Pending,
834,23,Safety Kit,2025-10-19,Completed,
835,68,Subsidized Equipment,2026-03-11,Completed,
836,179,Maintenance Check,2026-05-23,Rejected,Realize camera phone ago.
837,493,Maintenance Check,2025-07-28,In Progress,Some some stage.
838,164,Subsidized Equipment,2025-12-04,Completed,Matter way once.
839,308,Training Session,2025-11-23,Completed,
840,314,Training Session,2025-11-29,Pending,Challenge section bit wonder show task consumer site.
841,369,Safety Kit,2025-10-04,Completed,Agreement military forward despite southern seem.
842,470,Training Session,2026-01-03,Completed,
843,504,Maintenance Check,2026-01-21,In Progress,
844,421,Maintenance Check,2026-02-17,Pending,
845,201,Training Session,2026-01-04,Pending,Weight partner anyone admit recognize make growth order.
846,208,Training Session,2025-12-16,Pending,Newspaper for human sense remain significant light.
847,268,Training Session,2025-10-15,Completed,Kitchen reality parent.
848,22,Training Session,2026-05-17,Completed,State design bit he race.
849,487,Safety Kit,2025-11-22,Completed,
850,11,Gas Detector Install,2025-09-02,Completed,
851,410,Training Session,2025-11-15,Completed,
852,506,Maintenance Check,2025-08-11,Completed,History product event smile.
853,240,Safety Kit,2026-05-03,Completed,
854,73,Subsidized Equipment,2025-08-14,Completed,
855,516,Training Session,2025-11-19,Completed,Clearly son thought fill edge increase ever.
856,509,Subsidized Equipment,2026-02-11,Pending,
857,91,Training Session,2025-10-23,Completed,
858,284,Gas Detector Install,2026-06-21,Completed,
859,109,Subsidized Equipment,2025-10-31,Completed,
860,277,Subsidized Equipment,2026-05-23,Completed,
861,216,Maintenance Check,2025-08-06,Pending,Point really discuss middle test true could.
862,67,Maintenance Check,2025-07-04,Rejected,
863,128,Maintenance Check,2025-12-15,Completed,Trade certainly white.
864,288,Gas Detector Install,2026-06-16,Rejected,Raise compare meeting allow chair.
865,246,Safety Kit,2025-08-17,Completed,
866,501,Subsidized Equipment,2025-10-27,Completed,Various article represent.
867,270,Safety Kit,2026-06-13,Completed,
868,169,Safety Kit,2026-05-24,Completed,
869,202,Gas Detector Install,2026-01-24,Completed,
870,379,Training Session,2025-12-09,Completed,
871,270,Safety Kit,2025-07-16,Completed,Management election whom share.
872,267,Training Session,2026-01-06,Completed,New represent respond by measure.
873,159,Subsidized Equipment,2026-04-15,In Progress,
874,540,Safety Kit,2025-07-01,In Progress,Out ability side like history.
875,48,Maintenance Check,2026-01-14,Pending,Beyond plant lay here late car.
876,455,Subsidized Equipment,2026-04-27,Pending,
877,353,Training Session,2025-09-01,Completed,Contain development physical there.
878,96,Maintenance Check,2026-04-13,Completed,
879,376,Gas Detector Install,2025-06-30,Pending,Record start human firm yourself prepare.
880,200,Training Session,2026-05-27,Rejected,
881,228,Subsidized Equipment,2026-03-31,In Progress,Make avoid condition.
882,17,Safety Kit,2025-07-15,Completed,
883,96,Maintenance Check,2025-07-06,Completed,Above our success more value according.
884,530,Maintenance Check,2025-08-25,Completed,
885,137,Maintenance Check,2025-10-11,Completed,
886,163,Safety Kit,2025-09-26,Completed,Land material number there in travel goal.
887,154,Subsidized Equipment,2025-10-16,Completed,
888,152,Maintenance Check,2025-07-17,Completed,Seat stay use.
889,266,Maintenance Check,2026-03-21,Pending,
890,1,Training Session,2026-04-09,Completed,Sense hour entire far level.
891,369,Training Session,2025-07-14,Completed,Citizen so leg character relate admit trade.
892,438,Maintenance Check,2025-07-12,Completed,
893,18,Training Session,2026-01-18,Completed,Offer growth its man safe look.
894,316,Maintenance Check,2026-05-03,Rejected,After surface police.
895,75,Subsidized Equipment,2025-07-26,Completed,
896,349,Gas Detector Install,2026-06-21,Completed,
897,163,Maintenance Check,2026-03-31,Completed,Let feeling argue office situation dream gas wall.
898,433,Maintenance Check,2026-04-13,Completed,
899,250,Maintenance Check,2025-07-12,Completed,
900,53,Safety Kit,2026-01-12,Completed,International drive every.
901,380,Training Session,2026-06-19,Completed,Game every certainly movement need.
902,531,Maintenance Check,2025-12-12,Pending,Wear skill difference current design.
903,463,Subsidized Equipment,2025-08-22,In Progress,
904,483,Maintenance Check,2025-12-21,Completed,Mr within sort arrive music relationship.
905,390,Maintenance Check,2025-06-29,Completed,Increase glass assume save yeah rather none.
906,45,Safety Kit,2025-08-05,Rejected,
907,442,Safety Kit,2025-10-31,Rejected,
908,139,Safety Kit,2026-06-10,Completed,
909,495,Maintenance Check,2025-11-19,Completed,Production tough activity community play.
910,124,Safety Kit,2026-06-01,Completed,
911,333,Safety Kit,2025-11-23,Completed,
912,245,Gas Detector Install,2026-01-26,Completed,Despite you common true.
913,275,Maintenance Check,2025-11-12,Completed,
914,91,Subsidized Equipment,2026-02-11,Completed,Travel third I college past box.
915,275,Gas Detector Install,2025-07-12,Completed,
916,278,Subsidized Equipment,2026-01-12,In Progress,Live should treatment condition pass force door baby.
917,84,Subsidized Equipment,2025-07-22,Completed,Pressure significant talk star build position.
918,138,Gas Detector Install,2025-09-13,Completed,Much stuff food medical thousand.
919,530,Subsidized Equipment,2025-08-19,Completed,
920,363,Training Session,2025-11-30,In Progress,
921,415,Maintenance Check,2026-01-30,Completed,Machine level authority born.
922,143,Safety Kit,2025-09-16,Completed,
923,356,Safety Kit,2025-09-30,Completed,Act appear market sound.
924,520,Maintenance Check,2025-09-30,Rejected,
925,117,Maintenance Check,2025-11-13,Pending,Father man story operation eight who.
926,290,Subsidized Equipment,2025-11-15,Completed,Particularly firm science happy large war blue.
927,16,Subsidized Equipment,2025-09-14,In Progress,
928,172,Maintenance Check,2026-01-03,Pending,Religious third agree husband word.
929,372,Training Session,2026-04-11,In Progress,Growth shoulder common right anyone listen.
930,100,Training Session,2025-06-27,Completed,
931,505,Gas Detector Install,2025-06-29,Completed,
932,509,Maintenance Check,2026-06-14,Completed,Decide purpose young check air dinner.
933,249,Training Session,2026-04-03,Completed,Drug skill perhaps down.
934,223,Safety Kit,2025-12-07,In Progress,Right minute perhaps machine contain force watch.
935,301,Maintenance Check,2026-04-05,Completed,Mission member year the story.
936,332,Gas Detector Install,2025-11-27,Completed,
937,377,Maintenance Check,2026-01-24,Completed,Sea body between describe series back right nice.
938,179,Training Session,2026-03-08,Completed,Big them goal recent.
939,192,Gas Detector Install,2025-07-09,Completed,Condition walk us black town meeting month career.
940,231,Safety Kit,2025-08-17,Completed,Half where institution.
941,249,Training Session,2025-08-21,Pending,Avoid great writer upon management happy perform.
942,379,Safety Kit,2026-04-09,Completed,Believe interest attack act their analysis.
943,27,Maintenance Check,2026-06-13,Completed,Significant wide well teach during present mother actually.
944,163,Safety Kit,2026-03-21,Completed,Professional goal particular development dream land director.
945,60,Maintenance Check,2025-09-10,Pending,
946,512,Gas Detector Install,2025-09-15,Completed,
947,3,Gas Detector Install,2026-03-18,Completed,
948,454,Safety Kit,2026-04-21,Completed,Water give foreign.
949,457,Maintenance Check,2025-08-07,Completed,
950,85,Safety Kit,2025-06-26,Completed,What table expect fine benefit life off.
951,93,Subsidized Equipment,2025-11-07,In Progress,
952,394,Safety Kit,2026-01-05,Completed,Sense may result bad.
953,199,Gas Detector Install,2025-08-06,Completed,Power school present appear personal.
954,257,Subsidized Equipment,2025-12-01,Rejected,
955,538,Safety Kit,2025-10-19,In Progress,
956,504,Maintenance Check,2026-06-04,Completed,
957,172,Maintenance Check,2026-01-11,Completed,
958,61,Gas Detector Install,2025-09-24,Completed,
959,530,Training Session,2025-06-30,Completed,
960,97,Training Session,2025-09-23,In Progress,
961,242,Maintenance Check,2026-06-24,Pending,
962,494,Gas Detector Install,2025-11-09,Rejected,Hope off night finally hair impact turn first.
963,522,Gas Detector Install,2026-01-09,Completed,
964,433,Gas Detector Install,2025-08-06,Completed,
965,257,Safety Kit,2025-08-19,In Progress,Traditional ability turn.
966,117,Training Session,2026-02-01,Completed,
967,498,Gas Detector Install,2026-01-11,Completed,Happy hit pull themselves floor democratic affect.
968,178,Safety Kit,2026-01-15,Completed,
969,285,Safety Kit,2025-09-19,Completed,
970,244,Gas Detector Install,2026-05-04,Completed,School approach when happen.
971,376,Maintenance Check,2025-11-23,Pending,
972,27,Subsidized Equipment,2026-04-03,Completed,Magazine assume step standard another cold subject.
973,105,Training Session,2026-02-04,Completed,Pattern avoid my second put.
974,159,Maintenance Check,2025-08-25,Completed,
975,315,Subsidized Equipment,2025-08-04,In Progress,Large which house knowledge eye by.
976,501,Training Session,2025-12-08,Completed,Cut think ready any view probably move light.
977,522,Maintenance Check,2026-01-11,Completed,
978,147,Gas Detector Install,2025-08-15,Rejected,Difficult find coach start explain area.
979,13,Gas Detector Install,2026-04-27,In Progress,
980,376,Training Session,2026-04-28,Completed,
981,483,Gas Detector Install,2025-12-22,Completed,Especially on position along.
982,68,Training Session,2025-08-31,Completed,
983,281,Gas Detector Install,2025-07-19,Pending,Social hit soon hotel than stand born.
984,512,Maintenance Check,2025-12-11,Completed,
985,371,Safety Kit,2025-10-04,Completed,End listen pattern interest who dinner into.
986,229,Gas Detector Install,2025-09-27,Completed,
987,69,Safety Kit,2025-07-01,Pending,Physical federal suggest successful see fast boy.
988,281,Safety Kit,2026-01-08,Completed,
989,356,Maintenance Check,2025-07-14,Rejected,
990,49,Safety Kit,2025-10-30,In Progress,Remain family method tree serve surface.
991,344,Training Session,2026-05-30,Completed,
992,126,Safety Kit,2026-05-27,Completed,
993,22,Maintenance Check,2025-07-21,Completed,
994,89,Training Session,2026-05-22,Completed,No coach she key yourself throw lot.
995,357,Gas Detector Install,2025-08-14,In Progress,Participant story partner position.
996,6,Training Session,2025-11-15,In Progress,
997,11,Maintenance Check,2025-11-19,Rejected,What such carry imagine forget.
998,152,Maintenance Check,2026-05-01,Completed,Interview fly two expect turn huge scene.
999,471,Safety Kit,2026-04-30,Completed,
1000,404,Maintenance Check,2026-06-17,Completed,Down protect staff film the.
1001,392,Training Session,2026-05-19,Rejected,Eight close take white impact organization.
1002,321,Gas Detector Install,2026-06-07,In Progress,
1003,328,Subsidized Equipment,2026-04-11,In Progress,
1004,86,Maintenance Check,2026-03-25,Completed,Sport environmental study central remain deal history yes.
1005,97,Safety Kit,2025-06-29,Completed,
1006,358,Maintenance Check,2026-05-12,Completed,Once for process.
1007,349,Gas Detector Install,2025-12-12,Completed,Manager financial price view project hotel.
1008,405,Gas Detector Install,2025-06-30,Completed,
1009,75,Subsidized Equipment,2025-11-10,Completed,
1010,236,Safety Kit,2026-01-11,Completed,Yes dinner plant inside.
1011,375,Training Session,2025-07-06,Completed,Page make road law cell drop.
1012,349,Training Session,2026-01-25,Completed,Personal institution want.
1013,15,Safety Kit,2026-03-03,Completed,Special court study young.
1014,273,Maintenance Check,2026-02-11,Completed,
1015,471,Maintenance Check,2025-09-25,Pending,
1016,512,Subsidized Equipment,2026-04-05,Pending,
1017,548,Training Session,2026-04-20,Completed,
1018,152,Maintenance Check,2026-06-07,Completed,Knowledge million claim.
1019,462,Gas Detector Install,2025-09-15,Completed,
1020,321,Training Session,2025-09-02,Pending,Hand successful wall where.
1021,202,Subsidized Equipment,2026-03-31,Completed,She fly base.
1022,305,Subsidized Equipment,2025-09-14,Completed,
1023,341,Safety Kit,2025-09-29,Completed,Couple half capital be each.
1024,415,Training Session,2025-10-13,Pending,
1025,363,Safety Kit,2026-03-16,In Progress,
1026,439,Maintenance Check,2026-05-07,Completed,
1027,209,Gas Detector Install,2025-12-11,Completed,Role simple really begin.
1028,25,Subsidized Equipment,2025-07-26,Completed,
1029,93,Safety Kit,2026-06-11,Completed,
1030,541,Safety Kit,2025-11-23,Completed,Require indicate style those magazine second.
1031,308,Training Session,2026-01-26,Completed,Score little point treatment.
1032,496,Training Session,2025-10-26,Rejected,Against director church young maybe decide opportunity live.
1033,188,Safety Kit,2026-06-11,Completed,
1034,359,Safety Kit,2026-03-06,In Progress,Food simply fine effort able detail claim.
1035,185,Training Session,2025-09-09,Completed,Movie tree start process unit.
1036,453,Subsidized Equipment,2026-04-25,Pending,
1037,106,Training Session,2025-12-13,In Progress,
1038,216,Subsidized Equipment,2026-02-07,Completed,Sell send answer least.
1039,290,Safety Kit,2025-06-29,Rejected,We various again machine politics.
1040,469,Gas Detector Install,2026-02-01,Completed,Course work open culture.
1041,418,Training Session,2025-07-04,Completed,
1042,438,Safety Kit,2026-04-04,Pending,
1043,411,Subsidized Equipment,2025-10-13,Pending,Financial yourself nature already stand again.
1044,191,Training Session,2026-03-11,Completed,Pm can current tax unit important quality.
1045,417,Safety Kit,2025-08-25,Completed,
1046,235,Safety Kit,2025-12-28,Pending,
1047,231,Subsidized Equipment,2025-07-10,Completed,Character act up report.
1048,267,Training Session,2026-04-20,Completed,Cover reality watch direction.
1049,496,Safety Kit,2025-06-29,Pending,Condition reason central ready game question scientist only.
1050,364,Safety Kit,2025-12-03,Completed,Later indicate sometimes get everyone reflect.
1051,96,Maintenance Check,2026-04-18,In Progress,Continue network bag science course common.
1052,265,Safety Kit,2025-10-27,Rejected,
1053,1,Safety Kit,2026-05-18,Completed,Including four most would yeah school us.
1054,354,Gas Detector Install,2026-02-13,Completed,Artist maintain born wish different bit garden.
1055,56,Safety Kit,2025-08-06,Completed,
1056,69,Training Session,2025-09-19,Completed,
1057,355,Safety Kit,2025-11-05,Completed,
1058,38,Maintenance Check,2025-08-17,Completed,Happen consumer all travel bank.
1059,78,Maintenance Check,2026-03-08,Completed,Cut at board give memory tax return.
1060,267,Safety Kit,2025-11-11,Pending,
1061,519,Maintenance Check,2025-07-07,Pending,Up discuss wait treat discuss.
1062,107,Maintenance Check,2025-11-09,Completed,Arm group environmental chair.
1063,200,Training Session,2026-04-12,Completed,Hard then police tonight.
1064,43,Safety Kit,2026-03-08,Completed,Community indicate father newspaper.
1065,549,Safety Kit,2026-02-24,Completed,Attack maybe decide measure house beautiful service.
1066,44,Subsidized Equipment,2025-08-11,Completed,Us law quite bring star.
1067,274,Training Session,2025-10-26,Completed,
1068,392,Subsidized Equipment,2025-08-07,Completed,
1069,449,Subsidized Equipment,2026-02-02,Completed,Wife develop idea its so project.
1070,98,Safety Kit,2026-03-09,Completed,
1071,199,Safety Kit,2025-07-08,Completed,They care system.
1072,523,Safety Kit,2026-04-24,Completed,
1073,244,Training Session,2025-07-03,Completed,Of summer stuff loss ground.
1074,245,Training Session,2025-09-09,Completed,
1075,176,Training Session,2025-08-04,Completed,Cup lawyer impact blue.
1076,59,Maintenance Check,2026-03-19,Completed,
1077,316,Training Session,2026-01-11,In Progress,Stage director action away.
1078,535,Subsidized Equipment,2026-01-12,Completed,
1079,278,Training Session,2025-12-01,Pending,
1080,413,Gas Detector Install,2026-04-16,Completed,
1081,382,Maintenance Check,2025-12-10,Completed,
1082,73,Gas Detector Install,2025-11-15,In Progress,Challenge also school trouble rich could song.
1083,37,Training Session,2025-09-02,Completed,Audience available weight for.
1084,168,Gas Detector Install,2025-08-03,Rejected,
1085,322,Maintenance Check,2026-05-02,Completed,
1086,321,Gas Detector Install,2026-05-27,Completed,Together nearly company either military.
1087,70,Maintenance Check,2025-09-22,In Progress,Out company speech start.
1088,175,Gas Detector Install,2026-06-01,Completed,
1089,298,Gas Detector Install,2025-12-21,Rejected,Score partner industry attention will dog score understand.
1090,506,Subsidized Equipment,2026-04-29,In Progress,Tv success explain against so throughout need.
1091,460,Gas Detector Install,2026-03-08,Pending,Learn deal probably nor difference garden hundred only.
1092,446,Gas Detector Install,2025-09-28,Completed,Back option pretty continue want story.
1093,519,Gas Detector Install,2026-02-08,Pending,Soldier tonight drop.
1094,26,Safety Kit,2026-02-19,Completed,
1095,203,Subsidized Equipment,2026-04-19,Completed,
1096,496,Safety Kit,2026-05-11,Completed,
1097,184,Safety Kit,2025-11-09,Pending,
1098,534,Safety Kit,2025-08-02,Completed,Tell provide choice fish if.
1099,391,Subsidized Equipment,2025-08-13,Completed,
1100,193,Safety Kit,2025-08-10,Pending,Live make great back.
1101,253,Gas Detector Install,2026-02-07,In Progress,Yard history meeting successful.
1102,382,Gas Detector Install,2025-07-06,Completed,
1103,509,Subsidized Equipment,2026-05-17,Rejected,
1104,428,Training Session,2026-04-21,Completed,
1105,542,Maintenance Check,2025-11-09,Completed,
1106,385,Maintenance Check,2026-04-03,Completed,
1107,124,Safety Kit,2026-03-14,In Progress,
1108,330,Training Session,2025-10-05,Rejected,
1109,324,Safety Kit,2025-07-22,Completed,
1110,431,Gas Detector Install,2025-10-08,Completed,
1111,365,Training Session,2025-12-02,Completed,
1112,502,Safety Kit,2026-03-13,Completed,
1113,496,Safety Kit,2026-04-19,Pending,
1114,458,Training Session,2026-06-16,Pending,Reason inside trip like always during collection.
1115,115,Training Session,2025-07-06,Completed,Parent difference hundred difficult practice decision.
1116,292,Training Session,2025-07-31,Rejected,Evening south follow fill school.
1117,105,Subsidized Equipment,2026-05-08,Completed,Another concern focus under.
1118,64,Training Session,2026-04-24,Completed,Summer reflect down then she.
1119,368,Subsidized Equipment,2026-03-04,Completed,Idea opportunity spring road wrong treat your heart.
1120,178,Maintenance Check,2025-08-30,Completed,Staff family plan.
1121,103,Safety Kit,2025-12-25,Pending,Necessary answer current body property pressure.
1122,388,Gas Detector Install,2026-05-09,Completed,
1123,205,Training Session,2025-10-02,Completed,
1124,481,Gas Detector Install,2026-05-12,Completed,Blood situation different least.
1125,66,Subsidized Equipment,2025-09-16,Completed,Media foot he difficult sell future performance.
1126,27,Safety Kit,2025-10-30,Completed,
1127,70,Safety Kit,2025-11-03,Completed,Visit deep modern produce.
1128,245,Maintenance Check,2025-08-02,Completed,Election against ago successful hope ok determine style.
1129,536,Safety Kit,2026-01-21,Completed,
1130,319,Maintenance Check,2025-08-01,Completed,
1131,483,Training Session,2026-04-30,Completed,Baby who draw matter leave civil Congress.
1132,411,Safety Kit,2025-12-18,Completed,
1133,195,Safety Kit,2026-04-22,Completed,Before but research its my community age national.
1134,262,Training Session,2026-02-05,Completed,
1135,48,Maintenance Check,2025-10-07,Rejected,
1136,350,Maintenance Check,2025-10-09,Completed,Second often win range.
1137,223,Subsidized Equipment,2026-01-02,Completed,
1138,279,Maintenance Check,2025-10-24,Completed,
1139,70,Gas Detector Install,2026-02-13,Completed,Seven call standard child else.
1140,345,Subsidized Equipment,2026-06-03,In Progress,Audience point pick statement long whether interesting.
1141,244,Safety Kit,2025-10-24,Pending,Determine society contain fine provide.
1142,386,Training Session,2025-07-29,Completed,Condition toward occur ask individual respond.
1143,57,Maintenance Check,2026-04-29,Completed,
1144,504,Training Session,2025-10-25,Completed,War someone itself fight sister.
1145,449,Maintenance Check,2025-08-19,Pending,Hand hold bring agreement reality.
1146,532,Gas Detector Install,2025-10-13,Completed,Himself hand lead month once.
1147,206,Gas Detector Install,2025-10-22,In Progress,
1148,454,Maintenance Check,2026-05-23,Completed,
1149,188,Subsidized Equipment,2026-04-14,In Progress,
1150,153,Gas Detector Install,2026-01-05,Rejected,Agent kind here hour significant.
1151,358,Maintenance Check,2025-08-28,Completed,
1152,350,Training Session,2025-09-27,Completed,
1153,72,Gas Detector Install,2026-04-09,In Progress,Explain plant choose couple western keep.
1154,466,Training Session,2026-01-22,Completed,
1155,517,Maintenance Check,2025-09-21,Completed,
1156,524,Maintenance Check,2025-11-05,Completed,Specific while cost member.
1157,519,Gas Detector Install,2026-06-13,Completed,
1158,263,Training Session,2025-07-16,In Progress,Human also choose wrong.
1159,260,Subsidized Equipment,2025-12-01,Completed,
1160,108,Gas Detector Install,2025-12-08,Pending,Provide challenge begin simple.
1161,539,Safety Kit,2026-02-01,Completed,
1162,260,Subsidized Equipment,2025-11-01,Completed,Could real than.
1163,525,Subsidized Equipment,2026-04-01,In Progress,
1164,447,Subsidized Equipment,2025-10-20,Completed,
1165,153,Safety Kit,2025-10-03,Completed,
1166,371,Training Session,2026-04-06,Pending,Meet moment popular bar day happen see answer.
1167,125,Training Session,2025-12-03,Completed,Technology through serve boy do decide toward.
1168,494,Maintenance Check,2026-04-29,Completed,Worry remain beat stage.
1169,244,Subsidized Equipment,2025-07-27,Completed,
1170,323,Maintenance Check,2026-06-19,Completed,
1171,103,Subsidized Equipment,2026-04-10,Completed,
1172,146,Training Session,2026-05-26,Completed,Sing north face set it decision standard.
1173,320,Training Session,2026-05-13,Completed,Sound safe full four.
1174,43,Training Session,2025-07-02,Pending,Up data each better somebody teacher section.
1175,370,Maintenance Check,2025-07-03,Completed,
1176,444,Subsidized Equipment,2025-11-26,Completed,Cover bit someone relationship modern.
1177,181,Training Session,2026-04-16,Rejected,
1178,55,Safety Kit,2026-06-20,Completed,
1179,103,Subsidized Equipment,2026-06-14,Completed,
1180,21,Gas Detector Install,2026-01-01,Pending,Write cultural common military.
1181,351,Gas Detector Install,2025-08-07,Completed,
1182,546,Maintenance Check,2025-10-05,Rejected,
1183,325,Training Session,2025-09-20,Completed,Although actually program to laugh mean.
1184,272,Gas Detector Install,2026-01-23,Completed,
1185,282,Gas Detector Install,2025-12-31,Completed,Not paper quickly this moment never.
1186,496,Gas Detector Install,2025-07-09,Completed,
1187,533,Safety Kit,2026-02-22,Completed,
1188,167,Maintenance Check,2025-12-18,Completed,Research spend season church quickly.
1189,207,Training Session,2026-06-03,Completed,Arrive would tend perhaps option back sound culture.
1190,33,Training Session,2025-10-13,Completed,Three amount whether arm type success four.
1191,465,Gas Detector Install,2026-02-12,Completed,
1192,123,Gas Detector Install,2025-11-25,Completed,Ahead particular where point sea summer.
1193,533,Gas Detector Install,2025-07-15,Pending,
1194,414,Subsidized Equipment,2025-07-25,Completed,
1195,331,Subsidized Equipment,2025-11-13,In Progress,Ten participant according or him.
1196,231,Safety Kit,2026-01-31,Completed,
1197,291,Safety Kit,2026-03-08,Completed,Already guy impact dog long represent none.
1198,41,Subsidized Equipment,2025-11-08,Completed,Something century reason easy radio high both.
1199,338,Safety Kit,2025-11-27,Completed,
1200,302,Training Session,2026-05-06,Completed,
1201,391,Safety Kit,2025-12-03,Completed,Two reveal name trial.
1202,193,Training Session,2026-04-24,Pending,Teach young drive easy stop bed.
1203,65,Training Session,2026-03-29,Completed,Tree benefit out phone whose thank view.
1204,258,Safety Kit,2025-09-05,Completed,Long defense guy course perform gun.
1205,182,Gas Detector Install,2025-10-28,Pending,Movement under artist able.
1206,537,Maintenance Check,2026-01-09,Completed,Sign including method yes attention.
1207,467,Gas Detector Install,2025-12-07,Completed,Offer story share former about successful team.
1208,211,Safety Kit,2025-12-31,Completed,
1209,141,Subsidized Equipment,2025-11-27,Completed,
1210,78,Maintenance Check,2026-01-13,Completed,American everything weight down each owner.
1211,257,Gas Detector Install,2025-10-04,Completed,
1212,499,Maintenance Check,2025-07-18,Completed,
1213,153,Maintenance Check,2025-11-15,Completed,Television everyone American realize.
1214,430,Maintenance Check,2025-09-17,Completed,If air a beat paper thought inside enter.
1215,121,Maintenance Check,2026-02-14,Completed,Even fire simple.
1216,141,Maintenance Check,2025-09-23,Completed,
1217,88,Gas Detector Install,2025-08-24,Completed,Believe show recent.
1218,332,Safety Kit,2025-07-18,Completed,Area him material Democrat part herself rise.
1219,227,Gas Detector Install,2026-01-25,Completed,
1220,345,Maintenance Check,2026-02-21,Completed,
1221,17,Safety Kit,2026-02-03,Completed,
1222,140,Gas Detector Install,2025-08-26,Completed,
1223,528,Gas Detector Install,2025-11-22,Rejected,Someone tax toward law cup side series.
1224,426,Maintenance Check,2026-03-16,Pending,
1225,152,Safety Kit,2025-10-28,Completed,Recent hospital owner admit.
1226,372,Maintenance Check,2025-08-03,Pending,Lot news offer police sea.
1227,316,Safety Kit,2025-07-26,In Progress,
1228,435,Training Session,2026-02-13,Completed,
1229,95,Subsidized Equipment,2025-11-08,Completed,
1230,273,Gas Detector Install,2026-04-22,Completed,Focus long simply hair process green protect position.
1231,481,Subsidized Equipment,2025-11-23,Completed,Piece good news difficult too newspaper mean better.
1232,70,Safety Kit,2026-05-16,Completed,Approach leave career run soldier.
1233,177,Safety Kit,2026-01-23,Completed,Church maybe finally need suddenly vote.
1234,258,Training Session,2025-10-15,In Progress,Nice determine firm attack between art capital.
1235,487,Training Session,2026-03-27,Completed,
1236,269,Maintenance Check,2025-12-25,In Progress,
1237,429,Safety Kit,2025-07-20,Completed,View movement yard safe research.
1238,25,Training Session,2026-06-17,Completed,Hospital poor bad.
1239,55,Safety Kit,2025-08-02,Completed,Majority event as price peace.
1240,321,Maintenance Check,2026-02-28,Completed,
1241,11,Subsidized Equipment,2025-09-17,In Progress,Medical between fine eat.
1242,92,Maintenance Check,2025-07-25,Completed,
1243,229,Safety Kit,2025-11-22,Completed,
1244,158,Safety Kit,2026-06-18,Pending,
1245,177,Maintenance Check,2026-04-30,Pending,
1246,194,Safety Kit,2026-03-13,Pending,Every responsibility job month set.
1247,8,Maintenance Check,2025-11-11,Completed,
1248,286,Gas Detector Install,2025-11-12,Completed,
1249,317,Training Session,2026-03-12,Completed,Someone game good guess positive.
1250,49,Subsidized Equipment,2025-08-04,Rejected,Through let TV prove artist.
